UserId,QuestionId,Timestamp,IsCorrect,QuestionText,Options,ConstructName
1,17,1600000000,1,What is 5% of 7?,"{""A"": ""0"", ""B"": ""1"", ""C"": ""3"", ""D"": ""-1""}",Percentages
1,12,1600000060,1,Solve for x: 8x + 6 = 12.,"{""A"": ""10/9"", ""B"": ""7/8"", ""C"": ""9/6"", ""D"": ""6/8""}",Linear Equations
1,38,1600000120,1,"A recipe uses flour and sugar in the ratio 8:8. If you use 17 cups of flour, how many cups of sugar are needed?","{""A"": ""15"", ""B"": ""22"", ""C"": ""16"", ""D"": ""17""}",Ratios
1,40,1600000180,1,A bag contains 7 red marbles and 4 blue marbles. What is the probability of picking a red marble?,"{""A"": ""10"", ""B"": ""15"", ""C"": ""13"", ""D"": ""9""}",Probability
1,3,1600000240,1,Asha's office is on level 4. Her car is parked in the basement on level -7. How many floors does Asha need to go down to get from the office to her car?,"{""A"": ""16"", ""B"": ""9"", ""C"": ""11"", ""D"": ""10""}",Negative Numbers
1,7,1600000300,1,Solve for x: 7x + 4 = 16.,"{""A"": ""2/11"", ""B"": ""5/12"", ""C"": ""12/7"", ""D"": ""3/10""}",Linear Equations
1,28,1600000360,1,What is 8% of 2?,"{""A"": ""-3"", ""B"": ""2"", ""C"": ""-2"", ""D"": ""0""}",Percentages
1,23,1600000420,1,"In a triangle, angle A is 9 degrees and angle B is 3 degrees. What is angle C?","{""A"": ""173"", ""B"": ""170"", ""C"": ""169"", ""D"": ""168""}",Geometry & Angles
3,27,1600000000,1,What is the value of 4^2?,"{""A"": ""14"", ""B"": ""13"", ""C"": ""21"", ""D"": ""16""}",Exponents & Powers
3,37,1600000060,1,What is 7/8 + 27/8 simplified to its lowest terms?,"{""A"": ""3/4"", ""B"": ""7/11"", ""C"": ""34/8"", ""D"": ""3/5""}",Fractions
3,13,1600000120,1,"In a triangle, angle A is 7 degrees and angle B is 2 degrees. What is angle C?","{""A"": ""172"", ""B"": ""171"", ""C"": ""168"", ""D"": ""169""}",Geometry & Angles
3,25,1600000180,0,"In a triangle, angle A is 9 degrees and angle B is 4 degrees. What is angle C?","{""A"": ""172"", ""B"": ""170"", ""C"": ""167"", ""D"": ""169""}",Geometry & Angles
3,32,1600000240,1,"In a triangle, angle A is 3 degrees and angle B is 3 degrees. What is angle C?","{""A"": ""174"", ""B"": ""176"", ""C"": ""171"", ""D"": ""177""}",Geometry & Angles
3,26,1600000300,0,"In a triangle, angle A is 5 degrees and angle B is 2 degrees. What is angle C?","{""A"": ""175"", ""B"": ""176"", ""C"": ""173"", ""D"": ""170""}",Geometry & Angles
3,16,1600000360,0,What is 9/8 + 12/8 simplified to its lowest terms?,"{""A"": ""21/8"", ""B"": ""3/12"", ""C"": ""9/4"", ""D"": ""8/10""}",Fractions
3,10,1600000420,0,A bag contains 9 red marbles and 3 blue marbles. What is the probability of picking a red marble?,"{""A"": ""10"", ""B"": ""12"", ""C"": ""13"", ""D"": ""8""}",Probability
3,1,1600000480,1,What is 2/7 + 18/7 simplified to its lowest terms?,"{""A"": ""4/5"", ""B"": ""3/3"", ""C"": ""20/7"", ""D"": ""9/3""}",Fractions
3,29,1600000540,1,"In a triangle, angle A is 5 degrees and angle B is 7 degrees. What is angle C?","{""A"": ""168"", ""B"": ""169"", ""C"": ""166"", ""D"": ""167""}",Geometry & Angles
3,39,1600000600,0,What is the value of 5^3?,"{""A"": ""124"", ""B"": ""130"", ""C"": ""125"", ""D"": ""123""}",Exponents & Powers
3,28,1600000660,1,What is 8% of 2?,"{""A"": ""-3"", ""B"": ""2"", ""C"": ""-2"", ""D"": ""0""}",Percentages
3,30,1600000720,1,What is the value of 7^8?,"{""A"": ""5764802"", ""B"": ""5764803"", ""C"": ""5764798"", ""D"": ""5764801""}",Exponents & Powers
3,4,1600000780,1,A bag contains 3 red marbles and 4 blue marbles. What is the probability of picking a red marble?,"{""A"": ""9"", ""B"": ""12"", ""C"": ""15"", ""D"": ""10""}",Probability
3,31,1600000840,1,"In a triangle, angle A is 4 degrees and angle B is 4 degrees. What is angle C?","{""A"": ""173"", ""B"": ""172"", ""C"": ""171"", ""D"": ""170""}",Geometry & Angles
3,14,1600000900,1,What is 6/8 + 30/8 simplified to its lowest terms?,"{""A"": ""4/4"", ""B"": ""6/4"", ""C"": ""9/11"", ""D"": ""36/8""}",Fractions
3,8,1600000960,1,A bag contains 6 red marbles and 7 blue marbles. What is the probability of picking a red marble?,"{""A"": ""8"", ""B"": ""9"", ""C"": ""13"", ""D"": ""10""}",Probability
3,6,1600001020,1,"In a triangle, angle A is 3 degrees and angle B is 8 degrees. What is angle C?","{""A"": ""169"", ""B"": ""166"", ""C"": ""174"", ""D"": ""170""}",Geometry & Angles
3,17,1600001080,1,What is 5% of 7?,"{""A"": ""0"", ""B"": ""1"", ""C"": ""3"", ""D"": ""-1""}",Percentages
4,14,1600000000,0,What is 6/8 + 30/8 simplified to its lowest terms?,"{""A"": ""4/4"", ""B"": ""6/4"", ""C"": ""9/11"", ""D"": ""36/8""}",Fractions
4,27,1600000060,0,What is the value of 4^2?,"{""A"": ""14"", ""B"": ""13"", ""C"": ""21"", ""D"": ""16""}",Exponents & Powers
4,25,1600000120,0,"In a triangle, angle A is 9 degrees and angle B is 4 degrees. What is angle C?","{""A"": ""172"", ""B"": ""170"", ""C"": ""167"", ""D"": ""169""}",Geometry & Angles
4,2,1600000180,0,What is 5/3 + 26/3 simplified to its lowest terms?,"{""A"": ""31/3"", ""B"": ""9/5"", ""C"": ""9/8"", ""D"": ""10/2""}",Fractions
4,38,1600000240,1,"A recipe uses flour and sugar in the ratio 8:8. If you use 17 cups of flour, how many cups of sugar are needed?","{""A"": ""15"", ""B"": ""22"", ""C"": ""16"", ""D"": ""17""}",Ratios
4,31,1600000300,1,"In a triangle, angle A is 4 degrees and angle B is 4 degrees. What is angle C?","{""A"": ""173"", ""B"": ""172"", ""C"": ""171"", ""D"": ""170""}",Geometry & Angles
5,26,1600000000,1,"In a triangle, angle A is 5 degrees and angle B is 2 degrees. What is angle C?","{""A"": ""175"", ""B"": ""176"", ""C"": ""173"", ""D"": ""170""}",Geometry & Angles
5,11,1600000060,0,A bag contains 7 red marbles and 3 blue marbles. What is the probability of picking a red marble?,"{""A"": ""12"", ""B"": ""7"", ""C"": ""11"", ""D"": ""10""}",Probability
5,30,1600000120,0,What is the value of 7^8?,"{""A"": ""5764802"", ""B"": ""5764803"", ""C"": ""5764798"", ""D"": ""5764801""}",Exponents & Powers
5,9,1600000180,0,"A recipe uses flour and sugar in the ratio 8:4. If you use 12 cups of flour, how many cups of sugar are needed?","{""A"": ""4"", ""B"": ""8"", ""C"": ""6"", ""D"": ""9""}",Ratios
5,35,1600000240,1,Asha's office is on level 3. Her car is parked in the basement on level -2. How many floors does Asha need to go down to get from the office to her car?,"{""A"": ""2"", ""B"": ""5"", ""C"": ""7"", ""D"": ""10""}",Negative Numbers
5,2,1600000300,0,What is 5/3 + 26/3 simplified to its lowest terms?,"{""A"": ""31/3"", ""B"": ""9/5"", ""C"": ""9/8"", ""D"": ""10/2""}",Fractions
5,40,1600000360,0,A bag contains 7 red marbles and 4 blue marbles. What is the probability of picking a red marble?,"{""A"": ""10"", ""B"": ""15"", ""C"": ""13"", ""D"": ""9""}",Probability
5,36,1600000420,0,A bag contains 4 red marbles and 2 blue marbles. What is the probability of picking a red marble?,"{""A"": ""15"", ""B"": ""9"", ""C"": ""10"", ""D"": ""7""}",Probability
5,6,1600000480,0,"In a triangle, angle A is 3 degrees and angle B is 8 degrees. What is angle C?","{""A"": ""169"", ""B"": ""166"", ""C"": ""174"", ""D"": ""170""}",Geometry & Angles
5,21,1600000540,0,What is 3/7 + 23/7 simplified to its lowest terms?,"{""A"": ""7/9"", ""B"": ""1/12"", ""C"": ""6/8"", ""D"": ""26/7""}",Fractions
5,14,1600000600,1,What is 6/8 + 30/8 simplified to its lowest terms?,"{""A"": ""4/4"", ""B"": ""6/4"", ""C"": ""9/11"", ""D"": ""36/8""}",Fractions
5,5,1600000660,0,What is 8/2 + 27/2 simplified to its lowest terms?,"{""A"": ""10/7"", ""B"": ""10/5"", ""C"": ""5/12"", ""D"": ""35/2""}",Fractions
5,28,1600000720,0,What is 8% of 2?,"{""A"": ""-3"", ""B"": ""2"", ""C"": ""-2"", ""D"": ""0""}",Percentages
5,15,1600000780,0,What is the value of 2^2?,"{""A"": ""2"", ""B"": ""3"", ""C"": ""9"", ""D"": ""4""}",Exponents & Powers
5,32,1600000840,0,"In a triangle, angle A is 3 degrees and angle B is 3 degrees. What is angle C?","{""A"": ""174"", ""B"": ""176"", ""C"": ""171"", ""D"": ""177""}",Geometry & Angles
6,20,1600000000,0,What is 4% of 7?,"{""A"": ""2"", ""B"": ""0"", ""C"": ""-2"", ""D"": ""1""}",Percentages
6,7,1600000060,0,Solve for x: 7x + 4 = 16.,"{""A"": ""2/11"", ""B"": ""5/12"", ""C"": ""12/7"", ""D"": ""3/10""}",Linear Equations
6,38,1600000120,0,"A recipe uses flour and sugar in the ratio 8:8. If you use 17 cups of flour, how many cups of sugar are needed?","{""A"": ""15"", ""B"": ""22"", ""C"": ""16"", ""D"": ""17""}",Ratios
6,2,1600000180,0,What is 5/3 + 26/3 simplified to its lowest terms?,"{""A"": ""31/3"", ""B"": ""9/5"", ""C"": ""9/8"", ""D"": ""10/2""}",Fractions
6,40,1600000240,0,A bag contains 7 red marbles and 4 blue marbles. What is the probability of picking a red marble?,"{""A"": ""10"", ""B"": ""15"", ""C"": ""13"", ""D"": ""9""}",Probability
6,25,1600000300,0,"In a triangle, angle A is 9 degrees and angle B is 4 degrees. What is angle C?","{""A"": ""172"", ""B"": ""170"", ""C"": ""167"", ""D"": ""169""}",Geometry & Angles
6,26,1600000360,0,"In a triangle, angle A is 5 degrees and angle B is 2 degrees. What is angle C?","{""A"": ""175"", ""B"": ""176"", ""C"": ""173"", ""D"": ""170""}",Geometry & Angles
6,13,1600000420,0,"In a triangle, angle A is 7 degrees and angle B is 2 degrees. What is angle C?","{""A"": ""172"", ""B"": ""171"", ""C"": ""168"", ""D"": ""169""}",Geometry & Angles
6,5,1600000480,1,What is 8/2 + 27/2 simplified to its lowest terms?,"{""A"": ""10/7"", ""B"": ""10/5"", ""C"": ""5/12"", ""D"": ""35/2""}",Fractions
6,19,1600000540,0,Asha's office is on level 5. Her car is parked in the basement on level -2. How many floors does Asha need to go down to get from the office to her car?,"{""A"": ""7"", ""B"": ""4"", ""C"": ""6"", ""D"": ""12""}",Negative Numbers
7,12,1600000000,0,Solve for x: 8x + 6 = 12.,"{""A"": ""10/9"", ""B"": ""7/8"", ""C"": ""9/6"", ""D"": ""6/8""}",Linear Equations
7,34,1600000060,0,What is 8/8 + 18/8 simplified to its lowest terms?,"{""A"": ""26/8"", ""B"": ""1/2"", ""C"": ""6/4"", ""D"": ""5/4""}",Fractions
7,18,1600000120,1,What is 5/3 + 12/3 simplified to its lowest terms?,"{""A"": ""10/10"", ""B"": ""6/2"", ""C"": ""17/3"", ""D"": ""4/11""}",Fractions
7,35,1600000180,1,Asha's office is on level 3. Her car is parked in the basement on level -2. How many floors does Asha need to go down to get from the office to her car?,"{""A"": ""2"", ""B"": ""5"", ""C"": ""7"", ""D"": ""10""}",Negative Numbers
7,31,1600000240,1,"In a triangle, angle A is 4 degrees and angle B is 4 degrees. What is angle C?","{""A"": ""173"", ""B"": ""172"", ""C"": ""171"", ""D"": ""170""}",Geometry & Angles
7,30,1600000300,1,What is the value of 7^8?,"{""A"": ""5764802"", ""B"": ""5764803"", ""C"": ""5764798"", ""D"": ""5764801""}",Exponents & Powers
7,28,1600000360,0,What is 8% of 2?,"{""A"": ""-3"", ""B"": ""2"", ""C"": ""-2"", ""D"": ""0""}",Percentages
7,38,1600000420,1,"A recipe uses flour and sugar in the ratio 8:8. If you use 17 cups of flour, how many cups of sugar are needed?","{""A"": ""15"", ""B"": ""22"", ""C"": ""16"", ""D"": ""17""}",Ratios
7,21,1600000480,1,What is 3/7 + 23/7 simplified to its lowest terms?,"{""A"": ""7/9"", ""B"": ""1/12"", ""C"": ""6/8"", ""D"": ""26/7""}",Fractions
7,39,1600000540,1,What is the value of 5^3?,"{""A"": ""124"", ""B"": ""130"", ""C"": ""125"", ""D"": ""123""}",Exponents & Powers
7,8,1600000600,0,A bag contains 6 red marbles and 7 blue marbles. What is the probability of picking a red marble?,"{""A"": ""8"", ""B"": ""9"", ""C"": ""13"", ""D"": ""10""}",Probability
7,27,1600000660,1,What is the value of 4^2?,"{""A"": ""14"", ""B"": ""13"", ""C"": ""21"", ""D"": ""16""}",Exponents & Powers
7,3,1600000720,1,Asha's office is on level 4. Her car is parked in the basement on level -7. How many floors does Asha need to go down to get from the office to her car?,"{""A"": ""16"", ""B"": ""9"", ""C"": ""11"", ""D"": ""10""}",Negative Numbers
7,9,1600000780,0,"A recipe uses flour and sugar in the ratio 8:4. If you use 12 cups of flour, how many cups of sugar are needed?","{""A"": ""4"", ""B"": ""8"", ""C"": ""6"", ""D"": ""9""}",Ratios
7,15,1600000840,1,What is the value of 2^2?,"{""A"": ""2"", ""B"": ""3"", ""C"": ""9"", ""D"": ""4""}",Exponents & Powers
7,37,1600000900,0,What is 7/8 + 27/8 simplified to its lowest terms?,"{""A"": ""3/4"", ""B"": ""7/11"", ""C"": ""34/8"", ""D"": ""3/5""}",Fractions
7,26,1600000960,1,"In a triangle, angle A is 5 degrees and angle B is 2 degrees. What is angle C?","{""A"": ""175"", ""B"": ""176"", ""C"": ""173"", ""D"": ""170""}",Geometry & Angles
7,19,1600001020,1,Asha's office is on level 5. Her car is parked in the basement on level -2. How many floors does Asha need to go down to get from the office to her car?,"{""A"": ""7"", ""B"": ""4"", ""C"": ""6"", ""D"": ""12""}",Negative Numbers
9,19,1600000000,0,Asha's office is on level 5. Her car is parked in the basement on level -2. How many floors does Asha need to go down to get from the office to her car?,"{""A"": ""7"", ""B"": ""4"", ""C"": ""6"", ""D"": ""12""}",Negative Numbers
9,3,1600000060,1,Asha's office is on level 4. Her car is parked in the basement on level -7. How many floors does Asha need to go down to get from the office to her car?,"{""A"": ""16"", ""B"": ""9"", ""C"": ""11"", ""D"": ""10""}",Negative Numbers
9,15,1600000120,1,What is the value of 2^2?,"{""A"": ""2"", ""B"": ""3"", ""C"": ""9"", ""D"": ""4""}",Exponents & Powers
9,40,1600000180,0,A bag contains 7 red marbles and 4 blue marbles. What is the probability of picking a red marble?,"{""A"": ""10"", ""B"": ""15"", ""C"": ""13"", ""D"": ""9""}",Probability
9,37,1600000240,1,What is 7/8 + 27/8 simplified to its lowest terms?,"{""A"": ""3/4"", ""B"": ""7/11"", ""C"": ""34/8"", ""D"": ""3/5""}",Fractions
9,30,1600000300,1,What is the value of 7^8?,"{""A"": ""5764802"", ""B"": ""5764803"", ""C"": ""5764798"", ""D"": ""5764801""}",Exponents & Powers
9,5,1600000360,0,What is 8/2 + 27/2 simplified to its lowest terms?,"{""A"": ""10/7"", ""B"": ""10/5"", ""C"": ""5/12"", ""D"": ""35/2""}",Fractions
9,38,1600000420,1,"A recipe uses flour and sugar in the ratio 8:8. If you use 17 cups of flour, how many cups of sugar are needed?","{""A"": ""15"", ""B"": ""22"", ""C"": ""16"", ""D"": ""17""}",Ratios
9,17,1600000480,1,What is 5% of 7?,"{""A"": ""0"", ""B"": ""1"", ""C"": ""3"", ""D"": ""-1""}",Percentages
9,26,1600000540,1,"In a triangle, angle A is 5 degrees and angle B is 2 degrees. What is angle C?","{""A"": ""175"", ""B"": ""176"", ""C"": ""173"", ""D"": ""170""}",Geometry & Angles
9,31,1600000600,1,"In a triangle, angle A is 4 degrees and angle B is 4 degrees. What is angle C?","{""A"": ""173"", ""B"": ""172"", ""C"": ""171"", ""D"": ""170""}",Geometry & Angles
9,21,1600000660,1,What is 3/7 + 23/7 simplified to its lowest terms?,"{""A"": ""7/9"", ""B"": ""1/12"", ""C"": ""6/8"", ""D"": ""26/7""}",Fractions
9,36,1600000720,0,A bag contains 4 red marbles and 2 blue marbles. What is the probability of picking a red marble?,"{""A"": ""15"", ""B"": ""9"", ""C"": ""10"", ""D"": ""7""}",Probability
9,22,1600000780,1,"A recipe uses flour and sugar in the ratio 3:3. If you use 16 cups of flour, how many cups of sugar are needed?","{""A"": ""17"", ""B"": ""16"", ""C"": ""14"", ""D"": ""18""}",Ratios
9,35,1600000840,1,Asha's office is on level 3. Her car is parked in the basement on level -2. How many floors does Asha need to go down to get from the office to her car?,"{""A"": ""2"", ""B"": ""5"", ""C"": ""7"", ""D"": ""10""}",Negative Numbers
9,7,1600000900,1,Solve for x: 7x + 4 = 16.,"{""A"": ""2/11"", ""B"": ""5/12"", ""C"": ""12/7"", ""D"": ""3/10""}",Linear Equations
9,14,1600000960,0,What is 6/8 + 30/8 simplified to its lowest terms?,"{""A"": ""4/4"", ""B"": ""6/4"", ""C"": ""9/11"", ""D"": ""36/8""}",Fractions
9,4,1600001020,1,A bag contains 3 red marbles and 4 blue marbles. What is the probability of picking a red marble?,"{""A"": ""9"", ""B"": ""12"", ""C"": ""15"", ""D"": ""10""}",Probability
9,18,1600001080,1,What is 5/3 + 12/3 simplified to its lowest terms?,"{""A"": ""10/10"", ""B"": ""6/2"", ""C"": ""17/3"", ""D"": ""4/11""}",Fractions
9,8,1600001140,1,A bag contains 6 red marbles and 7 blue marbles. What is the probability of picking a red marble?,"{""A"": ""8"", ""B"": ""9"", ""C"": ""13"", ""D"": ""10""}",Probability
10,22,1600000000,1,"A recipe uses flour and sugar in the ratio 3:3. If you use 16 cups of flour, how many cups of sugar are needed?","{""A"": ""17"", ""B"": ""16"", ""C"": ""14"", ""D"": ""18""}",Ratios
10,27,1600000060,1,What is the value of 4^2?,"{""A"": ""14"", ""B"": ""13"", ""C"": ""21"", ""D"": ""16""}",Exponents & Powers
10,32,1600000120,0,"In a triangle, angle A is 3 degrees and angle B is 3 degrees. What is angle C?","{""A"": ""174"", ""B"": ""176"", ""C"": ""171"", ""D"": ""177""}",Geometry & Angles
10,19,1600000180,1,Asha's office is on level 5. Her car is parked in the basement on level -2. How many floors does Asha need to go down to get from the office to her car?,"{""A"": ""7"", ""B"": ""4"", ""C"": ""6"", ""D"": ""12""}",Negative Numbers
10,26,1600000240,1,"In a triangle, angle A is 5 degrees and angle B is 2 degrees. What is angle C?","{""A"": ""175"", ""B"": ""176"", ""C"": ""173"", ""D"": ""170""}",Geometry & Angles
10,3,1600000300,0,Asha's office is on level 4. Her car is parked in the basement on level -7. How many floors does Asha need to go down to get from the office to her car?,"{""A"": ""16"", ""B"": ""9"", ""C"": ""11"", ""D"": ""10""}",Negative Numbers
10,30,1600000360,1,What is the value of 7^8?,"{""A"": ""5764802"", ""B"": ""5764803"", ""C"": ""5764798"", ""D"": ""5764801""}",Exponents & Powers
10,6,1600000420,0,"In a triangle, angle A is 3 degrees and angle B is 8 degrees. What is angle C?","{""A"": ""169"", ""B"": ""166"", ""C"": ""174"", ""D"": ""170""}",Geometry & Angles
10,21,1600000480,1,What is 3/7 + 23/7 simplified to its lowest terms?,"{""A"": ""7/9"", ""B"": ""1/12"", ""C"": ""6/8"", ""D"": ""26/7""}",Fractions
10,9,1600000540,0,"A recipe uses flour and sugar in the ratio 8:4. If you use 12 cups of flour, how many cups of sugar are needed?","{""A"": ""4"", ""B"": ""8"", ""C"": ""6"", ""D"": ""9""}",Ratios
12,29,1600000000,0,"In a triangle, angle A is 5 degrees and angle B is 7 degrees. What is angle C?","{""A"": ""168"", ""B"": ""169"", ""C"": ""166"", ""D"": ""167""}",Geometry & Angles
12,35,1600000060,1,Asha's office is on level 3. Her car is parked in the basement on level -2. How many floors does Asha need to go down to get from the office to her car?,"{""A"": ""2"", ""B"": ""5"", ""C"": ""7"", ""D"": ""10""}",Negative Numbers
12,31,1600000120,0,"In a triangle, angle A is 4 degrees and angle B is 4 degrees. What is angle C?","{""A"": ""173"", ""B"": ""172"", ""C"": ""171"", ""D"": ""170""}",Geometry & Angles
12,23,1600000180,0,"In a triangle, angle A is 9 degrees and angle B is 3 degrees. What is angle C?","{""A"": ""173"", ""B"": ""170"", ""C"": ""169"", ""D"": ""168""}",Geometry & Angles
12,22,1600000240,0,"A recipe uses flour and sugar in the ratio 3:3. If you use 16 cups of flour, how many cups of sugar are needed?","{""A"": ""17"", ""B"": ""16"", ""C"": ""14"", ""D"": ""18""}",Ratios
12,39,1600000300,0,What is the value of 5^3?,"{""A"": ""124"", ""B"": ""130"", ""C"": ""125"", ""D"": ""123""}",Exponents & Powers
12,25,1600000360,1,"In a triangle, angle A is 9 degrees and angle B is 4 degrees. What is angle C?","{""A"": ""172"", ""B"": ""170"", ""C"": ""167"", ""D"": ""169""}",Geometry & Angles
12,30,1600000420,1,What is the value of 7^8?,"{""A"": ""5764802"", ""B"": ""5764803"", ""C"": ""5764798"", ""D"": ""5764801""}",Exponents & Powers
12,21,1600000480,0,What is 3/7 + 23/7 simplified to its lowest terms?,"{""A"": ""7/9"", ""B"": ""1/12"", ""C"": ""6/8"", ""D"": ""26/7""}",Fractions
13,29,1600000000,1,"In a triangle, angle A is 5 degrees and angle B is 7 degrees. What is angle C?","{""A"": ""168"", ""B"": ""169"", ""C"": ""166"", ""D"": ""167""}",Geometry & Angles
13,7,1600000060,0,Solve for x: 7x + 4 = 16.,"{""A"": ""2/11"", ""B"": ""5/12"", ""C"": ""12/7"", ""D"": ""3/10""}",Linear Equations
13,34,1600000120,1,What is 8/8 + 18/8 simplified to its lowest terms?,"{""A"": ""26/8"", ""B"": ""1/2"", ""C"": ""6/4"", ""D"": ""5/4""}",Fractions
13,30,1600000180,0,What is the value of 7^8?,"{""A"": ""5764802"", ""B"": ""5764803"", ""C"": ""5764798"", ""D"": ""5764801""}",Exponents & Powers
13,1,1600000240,0,What is 2/7 + 18/7 simplified to its lowest terms?,"{""A"": ""4/5"", ""B"": ""3/3"", ""C"": ""20/7"", ""D"": ""9/3""}",Fractions
13,10,1600000300,0,A bag contains 9 red marbles and 3 blue marbles. What is the probability of picking a red marble?,"{""A"": ""10"", ""B"": ""12"", ""C"": ""13"", ""D"": ""8""}",Probability
13,27,1600000360,0,What is the value of 4^2?,"{""A"": ""14"", ""B"": ""13"", ""C"": ""21"", ""D"": ""16""}",Exponents & Powers
13,35,1600000420,1,Asha's office is on level 3. Her car is parked in the basement on level -2. How many floors does Asha need to go down to get from the office to her car?,"{""A"": ""2"", ""B"": ""5"", ""C"": ""7"", ""D"": ""10""}",Negative Numbers
14,15,1600000000,1,What is the value of 2^2?,"{""A"": ""2"", ""B"": ""3"", ""C"": ""9"", ""D"": ""4""}",Exponents & Powers
14,6,1600000060,1,"In a triangle, angle A is 3 degrees and angle B is 8 degrees. What is angle C?","{""A"": ""169"", ""B"": ""166"", ""C"": ""174"", ""D"": ""170""}",Geometry & Angles
14,28,1600000120,1,What is 8% of 2?,"{""A"": ""-3"", ""B"": ""2"", ""C"": ""-2"", ""D"": ""0""}",Percentages
14,7,1600000180,0,Solve for x: 7x + 4 = 16.,"{""A"": ""2/11"", ""B"": ""5/12"", ""C"": ""12/7"", ""D"": ""3/10""}",Linear Equations
14,37,1600000240,0,What is 7/8 + 27/8 simplified to its lowest terms?,"{""A"": ""3/4"", ""B"": ""7/11"", ""C"": ""34/8"", ""D"": ""3/5""}",Fractions
14,29,1600000300,1,"In a triangle, angle A is 5 degrees and angle B is 7 degrees. What is angle C?","{""A"": ""168"", ""B"": ""169"", ""C"": ""166"", ""D"": ""167""}",Geometry & Angles
14,11,1600000360,1,A bag contains 7 red marbles and 3 blue marbles. What is the probability of picking a red marble?,"{""A"": ""12"", ""B"": ""7"", ""C"": ""11"", ""D"": ""10""}",Probability
14,20,1600000420,1,What is 4% of 7?,"{""A"": ""2"", ""B"": ""0"", ""C"": ""-2"", ""D"": ""1""}",Percentages
14,2,1600000480,1,What is 5/3 + 26/3 simplified to its lowest terms?,"{""A"": ""31/3"", ""B"": ""9/5"", ""C"": ""9/8"", ""D"": ""10/2""}",Fractions
14,32,1600000540,0,"In a triangle, angle A is 3 degrees and angle B is 3 degrees. What is angle C?","{""A"": ""174"", ""B"": ""176"", ""C"": ""171"", ""D"": ""177""}",Geometry & Angles
14,34,1600000600,0,What is 8/8 + 18/8 simplified to its lowest terms?,"{""A"": ""26/8"", ""B"": ""1/2"", ""C"": ""6/4"", ""D"": ""5/4""}",Fractions
14,26,1600000660,1,"In a triangle, angle A is 5 degrees and angle B is 2 degrees. What is angle C?","{""A"": ""175"", ""B"": ""176"", ""C"": ""173"", ""D"": ""170""}",Geometry & Angles
14,31,1600000720,1,"In a triangle, angle A is 4 degrees and angle B is 4 degrees. What is angle C?","{""A"": ""173"", ""B"": ""172"", ""C"": ""171"", ""D"": ""170""}",Geometry & Angles
14,10,1600000780,1,A bag contains 9 red marbles and 3 blue marbles. What is the probability of picking a red marble?,"{""A"": ""10"", ""B"": ""12"", ""C"": ""13"", ""D"": ""8""}",Probability
15,7,1600000000,1,Solve for x: 7x + 4 = 16.,"{""A"": ""2/11"", ""B"": ""5/12"", ""C"": ""12/7"", ""D"": ""3/10""}",Linear Equations
15,16,1600000060,1,What is 9/8 + 12/8 simplified to its lowest terms?,"{""A"": ""21/8"", ""B"": ""3/12"", ""C"": ""9/4"", ""D"": ""8/10""}",Fractions
15,25,1600000120,1,"In a triangle, angle A is 9 degrees and angle B is 4 degrees. What is angle C?","{""A"": ""172"", ""B"": ""170"", ""C"": ""167"", ""D"": ""169""}",Geometry & Angles
15,37,1600000180,1,What is 7/8 + 27/8 simplified to its lowest terms?,"{""A"": ""3/4"", ""B"": ""7/11"", ""C"": ""34/8"", ""D"": ""3/5""}",Fractions
15,23,1600000240,1,"In a triangle, angle A is 9 degrees and angle B is 3 degrees. What is angle C?","{""A"": ""173"", ""B"": ""170"", ""C"": ""169"", ""D"": ""168""}",Geometry & Angles
15,19,1600000300,1,Asha's office is on level 5. Her car is parked in the basement on level -2. How many floors does Asha need to go down to get from the office to her car?,"{""A"": ""7"", ""B"": ""4"", ""C"": ""6"", ""D"": ""12""}",Negative Numbers
15,35,1600000360,1,Asha's office is on level 3. Her car is parked in the basement on level -2. How many floors does Asha need to go down to get from the office to her car?,"{""A"": ""2"", ""B"": ""5"", ""C"": ""7"", ""D"": ""10""}",Negative Numbers
15,2,1600000420,1,What is 5/3 + 26/3 simplified to its lowest terms?,"{""A"": ""31/3"", ""B"": ""9/5"", ""C"": ""9/8"", ""D"": ""10/2""}",Fractions
15,26,1600000480,1,"In a triangle, angle A is 5 degrees and angle B is 2 degrees. What is angle C?","{""A"": ""175"", ""B"": ""176"", ""C"": ""173"", ""D"": ""170""}",Geometry & Angles
15,9,1600000540,1,"A recipe uses flour and sugar in the ratio 8:4. If you use 12 cups of flour, how many cups of sugar are needed?","{""A"": ""4"", ""B"": ""8"", ""C"": ""6"", ""D"": ""9""}",Ratios
15,1,1600000600,1,What is 2/7 + 18/7 simplified to its lowest terms?,"{""A"": ""4/5"", ""B"": ""3/3"", ""C"": ""20/7"", ""D"": ""9/3""}",Fractions
15,34,1600000660,1,What is 8/8 + 18/8 simplified to its lowest terms?,"{""A"": ""26/8"", ""B"": ""1/2"", ""C"": ""6/4"", ""D"": ""5/4""}",Fractions
15,28,1600000720,1,What is 8% of 2?,"{""A"": ""-3"", ""B"": ""2"", ""C"": ""-2"", ""D"": ""0""}",Percentages
15,22,1600000780,0,"A recipe uses flour and sugar in the ratio 3:3. If you use 16 cups of flour, how many cups of sugar are needed?","{""A"": ""17"", ""B"": ""16"", ""C"": ""14"", ""D"": ""18""}",Ratios
15,38,1600000840,1,"A recipe uses flour and sugar in the ratio 8:8. If you use 17 cups of flour, how many cups of sugar are needed?","{""A"": ""15"", ""B"": ""22"", ""C"": ""16"", ""D"": ""17""}",Ratios
15,24,1600000900,0,What is 5/3 + 23/3 simplified to its lowest terms?,"{""A"": ""1/4"", ""B"": ""8/9"", ""C"": ""28/3"", ""D"": ""4/8""}",Fractions
15,33,1600000960,1,What is 7% of 3?,"{""A"": ""-1"", ""B"": ""0"", ""C"": ""2"", ""D"": ""5""}",Percentages
15,20,1600001020,0,What is 4% of 7?,"{""A"": ""2"", ""B"": ""0"", ""C"": ""-2"", ""D"": ""1""}",Percentages
15,39,1600001080,1,What is the value of 5^3?,"{""A"": ""124"", ""B"": ""130"", ""C"": ""125"", ""D"": ""123""}",Exponents & Powers
15,10,1600001140,1,A bag contains 9 red marbles and 3 blue marbles. What is the probability of picking a red marble?,"{""A"": ""10"", ""B"": ""12"", ""C"": ""13"", ""D"": ""8""}",Probability
16,24,1600000000,1,What is 5/3 + 23/3 simplified to its lowest terms?,"{""A"": ""1/4"", ""B"": ""8/9"", ""C"": ""28/3"", ""D"": ""4/8""}",Fractions
16,6,1600000060,0,"In a triangle, angle A is 3 degrees and angle B is 8 degrees. What is angle C?","{""A"": ""169"", ""B"": ""166"", ""C"": ""174"", ""D"": ""170""}",Geometry & Angles
16,26,1600000120,1,"In a triangle, angle A is 5 degrees and angle B is 2 degrees. What is angle C?","{""A"": ""175"", ""B"": ""176"", ""C"": ""173"", ""D"": ""170""}",Geometry & Angles
16,1,1600000180,0,What is 2/7 + 18/7 simplified to its lowest terms?,"{""A"": ""4/5"", ""B"": ""3/3"", ""C"": ""20/7"", ""D"": ""9/3""}",Fractions
16,17,1600000240,1,What is 5% of 7?,"{""A"": ""0"", ""B"": ""1"", ""C"": ""3"", ""D"": ""-1""}",Percentages
16,35,1600000300,1,Asha's office is on level 3. Her car is parked in the basement on level -2. How many floors does Asha need to go down to get from the office to her car?,"{""A"": ""2"", ""B"": ""5"", ""C"": ""7"", ""D"": ""10""}",Negative Numbers
16,8,1600000360,1,A bag contains 6 red marbles and 7 blue marbles. What is the probability of picking a red marble?,"{""A"": ""8"", ""B"": ""9"", ""C"": ""13"", ""D"": ""10""}",Probability
16,30,1600000420,1,What is the value of 7^8?,"{""A"": ""5764802"", ""B"": ""5764803"", ""C"": ""5764798"", ""D"": ""5764801""}",Exponents & Powers
16,40,1600000480,0,A bag contains 7 red marbles and 4 blue marbles. What is the probability of picking a red marble?,"{""A"": ""10"", ""B"": ""15"", ""C"": ""13"", ""D"": ""9""}",Probability
16,22,1600000540,1,"A recipe uses flour and sugar in the ratio 3:3. If you use 16 cups of flour, how many cups of sugar are needed?","{""A"": ""17"", ""B"": ""16"", ""C"": ""14"", ""D"": ""18""}",Ratios
16,32,1600000600,0,"In a triangle, angle A is 3 degrees and angle B is 3 degrees. What is angle C?","{""A"": ""174"", ""B"": ""176"", ""C"": ""171"", ""D"": ""177""}",Geometry & Angles
16,31,1600000660,0,"In a triangle, angle A is 4 degrees and angle B is 4 degrees. What is angle C?","{""A"": ""173"", ""B"": ""172"", ""C"": ""171"", ""D"": ""170""}",Geometry & Angles
16,9,1600000720,0,"A recipe uses flour and sugar in the ratio 8:4. If you use 12 cups of flour, how many cups of sugar are needed?","{""A"": ""4"", ""B"": ""8"", ""C"": ""6"", ""D"": ""9""}",Ratios
16,19,1600000780,0,Asha's office is on level 5. Her car is parked in the basement on level -2. How many floors does Asha need to go down to get from the office to her car?,"{""A"": ""7"", ""B"": ""4"", ""C"": ""6"", ""D"": ""12""}",Negative Numbers
16,13,1600000840,1,"In a triangle, angle A is 7 degrees and angle B is 2 degrees. What is angle C?","{""A"": ""172"", ""B"": ""171"", ""C"": ""168"", ""D"": ""169""}",Geometry & Angles
16,21,1600000900,1,What is 3/7 + 23/7 simplified to its lowest terms?,"{""A"": ""7/9"", ""B"": ""1/12"", ""C"": ""6/8"", ""D"": ""26/7""}",Fractions
16,12,1600000960,0,Solve for x: 8x + 6 = 12.,"{""A"": ""10/9"", ""B"": ""7/8"", ""C"": ""9/6"", ""D"": ""6/8""}",Linear Equations
16,4,1600001020,1,A bag contains 3 red marbles and 4 blue marbles. What is the probability of picking a red marble?,"{""A"": ""9"", ""B"": ""12"", ""C"": ""15"", ""D"": ""10""}",Probability
16,29,1600001080,1,"In a triangle, angle A is 5 degrees and angle B is 7 degrees. What is angle C?","{""A"": ""168"", ""B"": ""169"", ""C"": ""166"", ""D"": ""167""}",Geometry & Angles
16,34,1600001140,1,What is 8/8 + 18/8 simplified to its lowest terms?,"{""A"": ""26/8"", ""B"": ""1/2"", ""C"": ""6/4"", ""D"": ""5/4""}",Fractions
16,16,1600001200,1,What is 9/8 + 12/8 simplified to its lowest terms?,"{""A"": ""21/8"", ""B"": ""3/12"", ""C"": ""9/4"", ""D"": ""8/10""}",Fractions
16,37,1600001260,1,What is 7/8 + 27/8 simplified to its lowest terms?,"{""A"": ""3/4"", ""B"": ""7/11"", ""C"": ""34/8"", ""D"": ""3/5""}",Fractions
17,39,1600000000,1,What is the value of 5^3?,"{""A"": ""124"", ""B"": ""130"", ""C"": ""125"", ""D"": ""123""}",Exponents & Powers
17,2,1600000060,1,What is 5/3 + 26/3 simplified to its lowest terms?,"{""A"": ""31/3"", ""B"": ""9/5"", ""C"": ""9/8"", ""D"": ""10/2""}",Fractions
17,4,1600000120,1,A bag contains 3 red marbles and 4 blue marbles. What is the probability of picking a red marble?,"{""A"": ""9"", ""B"": ""12"", ""C"": ""15"", ""D"": ""10""}",Probability
17,22,1600000180,0,"A recipe uses flour and sugar in the ratio 3:3. If you use 16 cups of flour, how many cups of sugar are needed?","{""A"": ""17"", ""B"": ""16"", ""C"": ""14"", ""D"": ""18""}",Ratios
17,16,1600000240,1,What is 9/8 + 12/8 simplified to its lowest terms?,"{""A"": ""21/8"", ""B"": ""3/12"", ""C"": ""9/4"", ""D"": ""8/10""}",Fractions
17,9,1600000300,1,"A recipe uses flour and sugar in the ratio 8:4. If you use 12 cups of flour, how many cups of sugar are needed?","{""A"": ""4"", ""B"": ""8"", ""C"": ""6"", ""D"": ""9""}",Ratios
17,14,1600000360,0,What is 6/8 + 30/8 simplified to its lowest terms?,"{""A"": ""4/4"", ""B"": ""6/4"", ""C"": ""9/11"", ""D"": ""36/8""}",Fractions
17,5,1600000420,0,What is 8/2 + 27/2 simplified to its lowest terms?,"{""A"": ""10/7"", ""B"": ""10/5"", ""C"": ""5/12"", ""D"": ""35/2""}",Fractions
17,34,1600000480,0,What is 8/8 + 18/8 simplified to its lowest terms?,"{""A"": ""26/8"", ""B"": ""1/2"", ""C"": ""6/4"", ""D"": ""5/4""}",Fractions
17,19,1600000540,0,Asha's office is on level 5. Her car is parked in the basement on level -2. How many floors does Asha need to go down to get from the office to her car?,"{""A"": ""7"", ""B"": ""4"", ""C"": ""6"", ""D"": ""12""}",Negative Numbers
17,7,1600000600,0,Solve for x: 7x + 4 = 16.,"{""A"": ""2/11"", ""B"": ""5/12"", ""C"": ""12/7"", ""D"": ""3/10""}",Linear Equations
17,27,1600000660,1,What is the value of 4^2?,"{""A"": ""14"", ""B"": ""13"", ""C"": ""21"", ""D"": ""16""}",Exponents & Powers
17,28,1600000720,1,What is 8% of 2?,"{""A"": ""-3"", ""B"": ""2"", ""C"": ""-2"", ""D"": ""0""}",Percentages
17,8,1600000780,1,A bag contains 6 red marbles and 7 blue marbles. What is the probability of picking a red marble?,"{""A"": ""8"", ""B"": ""9"", ""C"": ""13"", ""D"": ""10""}",Probability
17,11,1600000840,0,A bag contains 7 red marbles and 3 blue marbles. What is the probability of picking a red marble?,"{""A"": ""12"", ""B"": ""7"", ""C"": ""11"", ""D"": ""10""}",Probability
17,25,1600000900,0,"In a triangle, angle A is 9 degrees and angle B is 4 degrees. What is angle C?","{""A"": ""172"", ""B"": ""170"", ""C"": ""167"", ""D"": ""169""}",Geometry & Angles
17,33,1600000960,0,What is 7% of 3?,"{""A"": ""-1"", ""B"": ""0"", ""C"": ""2"", ""D"": ""5""}",Percentages
17,20,1600001020,0,What is 4% of 7?,"{""A"": ""2"", ""B"": ""0"", ""C"": ""-2"", ""D"": ""1""}",Percentages
17,1,1600001080,0,What is 2/7 + 18/7 simplified to its lowest terms?,"{""A"": ""4/5"", ""B"": ""3/3"", ""C"": ""20/7"", ""D"": ""9/3""}",Fractions
17,35,1600001140,0,Asha's office is on level 3. Her car is parked in the basement on level -2. How many floors does Asha need to go down to get from the office to her car?,"{""A"": ""2"", ""B"": ""5"", ""C"": ""7"", ""D"": ""10""}",Negative Numbers
17,24,1600001200,0,What is 5/3 + 23/3 simplified to its lowest terms?,"{""A"": ""1/4"", ""B"": ""8/9"", ""C"": ""28/3"", ""D"": ""4/8""}",Fractions
17,23,1600001260,1,"In a triangle, angle A is 9 degrees and angle B is 3 degrees. What is angle C?","{""A"": ""173"", ""B"": ""170"", ""C"": ""169"", ""D"": ""168""}",Geometry & Angles
17,18,1600001320,0,What is 5/3 + 12/3 simplified to its lowest terms?,"{""A"": ""10/10"", ""B"": ""6/2"", ""C"": ""17/3"", ""D"": ""4/11""}",Fractions
17,21,1600001380,0,What is 3/7 + 23/7 simplified to its lowest terms?,"{""A"": ""7/9"", ""B"": ""1/12"", ""C"": ""6/8"", ""D"": ""26/7""}",Fractions
17,6,1600001440,0,"In a triangle, angle A is 3 degrees and angle B is 8 degrees. What is angle C?","{""A"": ""169"", ""B"": ""166"", ""C"": ""174"", ""D"": ""170""}",Geometry & Angles
18,27,1600000000,1,What is the value of 4^2?,"{""A"": ""14"", ""B"": ""13"", ""C"": ""21"", ""D"": ""16""}",Exponents & Powers
18,7,1600000060,1,Solve for x: 7x + 4 = 16.,"{""A"": ""2/11"", ""B"": ""5/12"", ""C"": ""12/7"", ""D"": ""3/10""}",Linear Equations
18,21,1600000120,0,What is 3/7 + 23/7 simplified to its lowest terms?,"{""A"": ""7/9"", ""B"": ""1/12"", ""C"": ""6/8"", ""D"": ""26/7""}",Fractions
18,28,1600000180,1,What is 8% of 2?,"{""A"": ""-3"", ""B"": ""2"", ""C"": ""-2"", ""D"": ""0""}",Percentages
18,38,1600000240,1,"A recipe uses flour and sugar in the ratio 8:8. If you use 17 cups of flour, how many cups of sugar are needed?","{""A"": ""15"", ""B"": ""22"", ""C"": ""16"", ""D"": ""17""}",Ratios
18,17,1600000300,1,What is 5% of 7?,"{""A"": ""0"", ""B"": ""1"", ""C"": ""3"", ""D"": ""-1""}",Percentages
18,24,1600000360,0,What is 5/3 + 23/3 simplified to its lowest terms?,"{""A"": ""1/4"", ""B"": ""8/9"", ""C"": ""28/3"", ""D"": ""4/8""}",Fractions
18,10,1600000420,1,A bag contains 9 red marbles and 3 blue marbles. What is the probability of picking a red marble?,"{""A"": ""10"", ""B"": ""12"", ""C"": ""13"", ""D"": ""8""}",Probability
18,31,1600000480,1,"In a triangle, angle A is 4 degrees and angle B is 4 degrees. What is angle C?","{""A"": ""173"", ""B"": ""172"", ""C"": ""171"", ""D"": ""170""}",Geometry & Angles
18,3,1600000540,1,Asha's office is on level 4. Her car is parked in the basement on level -7. How many floors does Asha need to go down to get from the office to her car?,"{""A"": ""16"", ""B"": ""9"", ""C"": ""11"", ""D"": ""10""}",Negative Numbers
18,32,1600000600,0,"In a triangle, angle A is 3 degrees and angle B is 3 degrees. What is angle C?","{""A"": ""174"", ""B"": ""176"", ""C"": ""171"", ""D"": ""177""}",Geometry & Angles
18,40,1600000660,0,A bag contains 7 red marbles and 4 blue marbles. What is the probability of picking a red marble?,"{""A"": ""10"", ""B"": ""15"", ""C"": ""13"", ""D"": ""9""}",Probability
18,30,1600000720,1,What is the value of 7^8?,"{""A"": ""5764802"", ""B"": ""5764803"", ""C"": ""5764798"", ""D"": ""5764801""}",Exponents & Powers
18,37,1600000780,1,What is 7/8 + 27/8 simplified to its lowest terms?,"{""A"": ""3/4"", ""B"": ""7/11"", ""C"": ""34/8"", ""D"": ""3/5""}",Fractions
18,14,1600000840,0,What is 6/8 + 30/8 simplified to its lowest terms?,"{""A"": ""4/4"", ""B"": ""6/4"", ""C"": ""9/11"", ""D"": ""36/8""}",Fractions
18,4,1600000900,0,A bag contains 3 red marbles and 4 blue marbles. What is the probability of picking a red marble?,"{""A"": ""9"", ""B"": ""12"", ""C"": ""15"", ""D"": ""10""}",Probability
18,34,1600000960,0,What is 8/8 + 18/8 simplified to its lowest terms?,"{""A"": ""26/8"", ""B"": ""1/2"", ""C"": ""6/4"", ""D"": ""5/4""}",Fractions
19,18,1600000000,1,What is 5/3 + 12/3 simplified to its lowest terms?,"{""A"": ""10/10"", ""B"": ""6/2"", ""C"": ""17/3"", ""D"": ""4/11""}",Fractions
19,20,1600000060,0,What is 4% of 7?,"{""A"": ""2"", ""B"": ""0"", ""C"": ""-2"", ""D"": ""1""}",Percentages
19,22,1600000120,1,"A recipe uses flour and sugar in the ratio 3:3. If you use 16 cups of flour, how many cups of sugar are needed?","{""A"": ""17"", ""B"": ""16"", ""C"": ""14"", ""D"": ""18""}",Ratios
19,23,1600000180,1,"In a triangle, angle A is 9 degrees and angle B is 3 degrees. What is angle C?","{""A"": ""173"", ""B"": ""170"", ""C"": ""169"", ""D"": ""168""}",Geometry & Angles
19,1,1600000240,0,What is 2/7 + 18/7 simplified to its lowest terms?,"{""A"": ""4/5"", ""B"": ""3/3"", ""C"": ""20/7"", ""D"": ""9/3""}",Fractions
19,12,1600000300,0,Solve for x: 8x + 6 = 12.,"{""A"": ""10/9"", ""B"": ""7/8"", ""C"": ""9/6"", ""D"": ""6/8""}",Linear Equations
19,10,1600000360,1,A bag contains 9 red marbles and 3 blue marbles. What is the probability of picking a red marble?,"{""A"": ""10"", ""B"": ""12"", ""C"": ""13"", ""D"": ""8""}",Probability
19,26,1600000420,1,"In a triangle, angle A is 5 degrees and angle B is 2 degrees. What is angle C?","{""A"": ""175"", ""B"": ""176"", ""C"": ""173"", ""D"": ""170""}",Geometry & Angles
19,5,1600000480,0,What is 8/2 + 27/2 simplified to its lowest terms?,"{""A"": ""10/7"", ""B"": ""10/5"", ""C"": ""5/12"", ""D"": ""35/2""}",Fractions
19,32,1600000540,1,"In a triangle, angle A is 3 degrees and angle B is 3 degrees. What is angle C?","{""A"": ""174"", ""B"": ""176"", ""C"": ""171"", ""D"": ""177""}",Geometry & Angles
20,8,1600000000,1,A bag contains 6 red marbles and 7 blue marbles. What is the probability of picking a red marble?,"{""A"": ""8"", ""B"": ""9"", ""C"": ""13"", ""D"": ""10""}",Probability
20,23,1600000060,1,"In a triangle, angle A is 9 degrees and angle B is 3 degrees. What is angle C?","{""A"": ""173"", ""B"": ""170"", ""C"": ""169"", ""D"": ""168""}",Geometry & Angles
20,28,1600000120,0,What is 8% of 2?,"{""A"": ""-3"", ""B"": ""2"", ""C"": ""-2"", ""D"": ""0""}",Percentages
20,40,1600000180,0,A bag contains 7 red marbles and 4 blue marbles. What is the probability of picking a red marble?,"{""A"": ""10"", ""B"": ""15"", ""C"": ""13"", ""D"": ""9""}",Probability
20,19,1600000240,0,Asha's office is on level 5. Her car is parked in the basement on level -2. How many floors does Asha need to go down to get from the office to her car?,"{""A"": ""7"", ""B"": ""4"", ""C"": ""6"", ""D"": ""12""}",Negative Numbers
20,32,1600000300,1,"In a triangle, angle A is 3 degrees and angle B is 3 degrees. What is angle C?","{""A"": ""174"", ""B"": ""176"", ""C"": ""171"", ""D"": ""177""}",Geometry & Angles
20,34,1600000360,0,What is 8/8 + 18/8 simplified to its lowest terms?,"{""A"": ""26/8"", ""B"": ""1/2"", ""C"": ""6/4"", ""D"": ""5/4""}",Fractions
20,20,1600000420,0,What is 4% of 7?,"{""A"": ""2"", ""B"": ""0"", ""C"": ""-2"", ""D"": ""1""}",Percentages
20,3,1600000480,0,Asha's office is on level 4. Her car is parked in the basement on level -7. How many floors does Asha need to go down to get from the office to her car?,"{""A"": ""16"", ""B"": ""9"", ""C"": ""11"", ""D"": ""10""}",Negative Numbers
20,37,1600000540,1,What is 7/8 + 27/8 simplified to its lowest terms?,"{""A"": ""3/4"", ""B"": ""7/11"", ""C"": ""34/8"", ""D"": ""3/5""}",Fractions
20,13,1600000600,0,"In a triangle, angle A is 7 degrees and angle B is 2 degrees. What is angle C?","{""A"": ""172"", ""B"": ""171"", ""C"": ""168"", ""D"": ""169""}",Geometry & Angles
20,33,1600000660,0,What is 7% of 3?,"{""A"": ""-1"", ""B"": ""0"", ""C"": ""2"", ""D"": ""5""}",Percentages
20,2,1600000720,0,What is 5/3 + 26/3 simplified to its lowest terms?,"{""A"": ""31/3"", ""B"": ""9/5"", ""C"": ""9/8"", ""D"": ""10/2""}",Fractions
20,1,1600000780,1,What is 2/7 + 18/7 simplified to its lowest terms?,"{""A"": ""4/5"", ""B"": ""3/3"", ""C"": ""20/7"", ""D"": ""9/3""}",Fractions
20,7,1600000840,1,Solve for x: 7x + 4 = 16.,"{""A"": ""2/11"", ""B"": ""5/12"", ""C"": ""12/7"", ""D"": ""3/10""}",Linear Equations
20,10,1600000900,0,A bag contains 9 red marbles and 3 blue marbles. What is the probability of picking a red marble?,"{""A"": ""10"", ""B"": ""12"", ""C"": ""13"", ""D"": ""8""}",Probability
20,26,1600000960,0,"In a triangle, angle A is 5 degrees and angle B is 2 degrees. What is angle C?","{""A"": ""175"", ""B"": ""176"", ""C"": ""173"", ""D"": ""170""}",Geometry & Angles
20,5,1600001020,1,What is 8/2 + 27/2 simplified to its lowest terms?,"{""A"": ""10/7"", ""B"": ""10/5"", ""C"": ""5/12"", ""D"": ""35/2""}",Fractions
20,9,1600001080,1,"A recipe uses flour and sugar in the ratio 8:4. If you use 12 cups of flour, how many cups of sugar are needed?","{""A"": ""4"", ""B"": ""8"", ""C"": ""6"", ""D"": ""9""}",Ratios
20,25,1600001140,0,"In a triangle, angle A is 9 degrees and angle B is 4 degrees. What is angle C?","{""A"": ""172"", ""B"": ""170"", ""C"": ""167"", ""D"": ""169""}",Geometry & Angles
20,11,1600001200,0,A bag contains 7 red marbles and 3 blue marbles. What is the probability of picking a red marble?,"{""A"": ""12"", ""B"": ""7"", ""C"": ""11"", ""D"": ""10""}",Probability
21,10,1600000000,1,A bag contains 9 red marbles and 3 blue marbles. What is the probability of picking a red marble?,"{""A"": ""10"", ""B"": ""12"", ""C"": ""13"", ""D"": ""8""}",Probability
21,17,1600000060,0,What is 5% of 7?,"{""A"": ""0"", ""B"": ""1"", ""C"": ""3"", ""D"": ""-1""}",Percentages
21,13,1600000120,0,"In a triangle, angle A is 7 degrees and angle B is 2 degrees. What is angle C?","{""A"": ""172"", ""B"": ""171"", ""C"": ""168"", ""D"": ""169""}",Geometry & Angles
21,12,1600000180,0,Solve for x: 8x + 6 = 12.,"{""A"": ""10/9"", ""B"": ""7/8"", ""C"": ""9/6"", ""D"": ""6/8""}",Linear Equations
21,40,1600000240,0,A bag contains 7 red marbles and 4 blue marbles. What is the probability of picking a red marble?,"{""A"": ""10"", ""B"": ""15"", ""C"": ""13"", ""D"": ""9""}",Probability
21,5,1600000300,0,What is 8/2 + 27/2 simplified to its lowest terms?,"{""A"": ""10/7"", ""B"": ""10/5"", ""C"": ""5/12"", ""D"": ""35/2""}",Fractions
21,37,1600000360,0,What is 7/8 + 27/8 simplified to its lowest terms?,"{""A"": ""3/4"", ""B"": ""7/11"", ""C"": ""34/8"", ""D"": ""3/5""}",Fractions
21,32,1600000420,1,"In a triangle, angle A is 3 degrees and angle B is 3 degrees. What is angle C?","{""A"": ""174"", ""B"": ""176"", ""C"": ""171"", ""D"": ""177""}",Geometry & Angles
22,29,1600000000,0,"In a triangle, angle A is 5 degrees and angle B is 7 degrees. What is angle C?","{""A"": ""168"", ""B"": ""169"", ""C"": ""166"", ""D"": ""167""}",Geometry & Angles
22,3,1600000060,1,Asha's office is on level 4. Her car is parked in the basement on level -7. How many floors does Asha need to go down to get from the office to her car?,"{""A"": ""16"", ""B"": ""9"", ""C"": ""11"", ""D"": ""10""}",Negative Numbers
22,4,1600000120,1,A bag contains 3 red marbles and 4 blue marbles. What is the probability of picking a red marble?,"{""A"": ""9"", ""B"": ""12"", ""C"": ""15"", ""D"": ""10""}",Probability
22,24,1600000180,0,What is 5/3 + 23/3 simplified to its lowest terms?,"{""A"": ""1/4"", ""B"": ""8/9"", ""C"": ""28/3"", ""D"": ""4/8""}",Fractions
22,19,1600000240,0,Asha's office is on level 5. Her car is parked in the basement on level -2. How many floors does Asha need to go down to get from the office to her car?,"{""A"": ""7"", ""B"": ""4"", ""C"": ""6"", ""D"": ""12""}",Negative Numbers
22,5,1600000300,0,What is 8/2 + 27/2 simplified to its lowest terms?,"{""A"": ""10/7"", ""B"": ""10/5"", ""C"": ""5/12"", ""D"": ""35/2""}",Fractions
22,6,1600000360,0,"In a triangle, angle A is 3 degrees and angle B is 8 degrees. What is angle C?","{""A"": ""169"", ""B"": ""166"", ""C"": ""174"", ""D"": ""170""}",Geometry & Angles
22,33,1600000420,0,What is 7% of 3?,"{""A"": ""-1"", ""B"": ""0"", ""C"": ""2"", ""D"": ""5""}",Percentages
22,25,1600000480,0,"In a triangle, angle A is 9 degrees and angle B is 4 degrees. What is angle C?","{""A"": ""172"", ""B"": ""170"", ""C"": ""167"", ""D"": ""169""}",Geometry & Angles
22,15,1600000540,0,What is the value of 2^2?,"{""A"": ""2"", ""B"": ""3"", ""C"": ""9"", ""D"": ""4""}",Exponents & Powers
22,36,1600000600,0,A bag contains 4 red marbles and 2 blue marbles. What is the probability of picking a red marble?,"{""A"": ""15"", ""B"": ""9"", ""C"": ""10"", ""D"": ""7""}",Probability
22,18,1600000660,1,What is 5/3 + 12/3 simplified to its lowest terms?,"{""A"": ""10/10"", ""B"": ""6/2"", ""C"": ""17/3"", ""D"": ""4/11""}",Fractions
22,26,1600000720,0,"In a triangle, angle A is 5 degrees and angle B is 2 degrees. What is angle C?","{""A"": ""175"", ""B"": ""176"", ""C"": ""173"", ""D"": ""170""}",Geometry & Angles
22,37,1600000780,0,What is 7/8 + 27/8 simplified to its lowest terms?,"{""A"": ""3/4"", ""B"": ""7/11"", ""C"": ""34/8"", ""D"": ""3/5""}",Fractions
22,2,1600000840,0,What is 5/3 + 26/3 simplified to its lowest terms?,"{""A"": ""31/3"", ""B"": ""9/5"", ""C"": ""9/8"", ""D"": ""10/2""}",Fractions
22,31,1600000900,0,"In a triangle, angle A is 4 degrees and angle B is 4 degrees. What is angle C?","{""A"": ""173"", ""B"": ""172"", ""C"": ""171"", ""D"": ""170""}",Geometry & Angles
22,30,1600000960,1,What is the value of 7^8?,"{""A"": ""5764802"", ""B"": ""5764803"", ""C"": ""5764798"", ""D"": ""5764801""}",Exponents & Powers
22,21,1600001020,0,What is 3/7 + 23/7 simplified to its lowest terms?,"{""A"": ""7/9"", ""B"": ""1/12"", ""C"": ""6/8"", ""D"": ""26/7""}",Fractions
22,7,1600001080,1,Solve for x: 7x + 4 = 16.,"{""A"": ""2/11"", ""B"": ""5/12"", ""C"": ""12/7"", ""D"": ""3/10""}",Linear Equations
23,20,1600000000,1,What is 4% of 7?,"{""A"": ""2"", ""B"": ""0"", ""C"": ""-2"", ""D"": ""1""}",Percentages
23,36,1600000060,1,A bag contains 4 red marbles and 2 blue marbles. What is the probability of picking a red marble?,"{""A"": ""15"", ""B"": ""9"", ""C"": ""10"", ""D"": ""7""}",Probability
23,25,1600000120,0,"In a triangle, angle A is 9 degrees and angle B is 4 degrees. What is angle C?","{""A"": ""172"", ""B"": ""170"", ""C"": ""167"", ""D"": ""169""}",Geometry & Angles
23,22,1600000180,1,"A recipe uses flour and sugar in the ratio 3:3. If you use 16 cups of flour, how many cups of sugar are needed?","{""A"": ""17"", ""B"": ""16"", ""C"": ""14"", ""D"": ""18""}",Ratios
23,9,1600000240,1,"A recipe uses flour and sugar in the ratio 8:4. If you use 12 cups of flour, how many cups of sugar are needed?","{""A"": ""4"", ""B"": ""8"", ""C"": ""6"", ""D"": ""9""}",Ratios
23,34,1600000300,0,What is 8/8 + 18/8 simplified to its lowest terms?,"{""A"": ""26/8"", ""B"": ""1/2"", ""C"": ""6/4"", ""D"": ""5/4""}",Fractions
23,6,1600000360,0,"In a triangle, angle A is 3 degrees and angle B is 8 degrees. What is angle C?","{""A"": ""169"", ""B"": ""166"", ""C"": ""174"", ""D"": ""170""}",Geometry & Angles
24,22,1600000000,1,"A recipe uses flour and sugar in the ratio 3:3. If you use 16 cups of flour, how many cups of sugar are needed?","{""A"": ""17"", ""B"": ""16"", ""C"": ""14"", ""D"": ""18""}",Ratios
24,9,1600000060,1,"A recipe uses flour and sugar in the ratio 8:4. If you use 12 cups of flour, how many cups of sugar are needed?","{""A"": ""4"", ""B"": ""8"", ""C"": ""6"", ""D"": ""9""}",Ratios
24,25,1600000120,1,"In a triangle, angle A is 9 degrees and angle B is 4 degrees. What is angle C?","{""A"": ""172"", ""B"": ""170"", ""C"": ""167"", ""D"": ""169""}",Geometry & Angles
24,10,1600000180,1,A bag contains 9 red marbles and 3 blue marbles. What is the probability of picking a red marble?,"{""A"": ""10"", ""B"": ""12"", ""C"": ""13"", ""D"": ""8""}",Probability
24,11,1600000240,1,A bag contains 7 red marbles and 3 blue marbles. What is the probability of picking a red marble?,"{""A"": ""12"", ""B"": ""7"", ""C"": ""11"", ""D"": ""10""}",Probability
24,12,1600000300,1,Solve for x: 8x + 6 = 12.,"{""A"": ""10/9"", ""B"": ""7/8"", ""C"": ""9/6"", ""D"": ""6/8""}",Linear Equations
25,31,1600000000,1,"In a triangle, angle A is 4 degrees and angle B is 4 degrees. What is angle C?","{""A"": ""173"", ""B"": ""172"", ""C"": ""171"", ""D"": ""170""}",Geometry & Angles
25,13,1600000060,1,"In a triangle, angle A is 7 degrees and angle B is 2 degrees. What is angle C?","{""A"": ""172"", ""B"": ""171"", ""C"": ""168"", ""D"": ""169""}",Geometry & Angles
25,24,1600000120,1,What is 5/3 + 23/3 simplified to its lowest terms?,"{""A"": ""1/4"", ""B"": ""8/9"", ""C"": ""28/3"", ""D"": ""4/8""}",Fractions
25,37,1600000180,1,What is 7/8 + 27/8 simplified to its lowest terms?,"{""A"": ""3/4"", ""B"": ""7/11"", ""C"": ""34/8"", ""D"": ""3/5""}",Fractions
25,29,1600000240,1,"In a triangle, angle A is 5 degrees and angle B is 7 degrees. What is angle C?","{""A"": ""168"", ""B"": ""169"", ""C"": ""166"", ""D"": ""167""}",Geometry & Angles
25,30,1600000300,1,What is the value of 7^8?,"{""A"": ""5764802"", ""B"": ""5764803"", ""C"": ""5764798"", ""D"": ""5764801""}",Exponents & Powers
25,19,1600000360,1,Asha's office is on level 5. Her car is parked in the basement on level -2. How many floors does Asha need to go down to get from the office to her car?,"{""A"": ""7"", ""B"": ""4"", ""C"": ""6"", ""D"": ""12""}",Negative Numbers
25,25,1600000420,0,"In a triangle, angle A is 9 degrees and angle B is 4 degrees. What is angle C?","{""A"": ""172"", ""B"": ""170"", ""C"": ""167"", ""D"": ""169""}",Geometry & Angles
25,27,1600000480,0,What is the value of 4^2?,"{""A"": ""14"", ""B"": ""13"", ""C"": ""21"", ""D"": ""16""}",Exponents & Powers
25,40,1600000540,1,A bag contains 7 red marbles and 4 blue marbles. What is the probability of picking a red marble?,"{""A"": ""10"", ""B"": ""15"", ""C"": ""13"", ""D"": ""9""}",Probability
25,6,1600000600,0,"In a triangle, angle A is 3 degrees and angle B is 8 degrees. What is angle C?","{""A"": ""169"", ""B"": ""166"", ""C"": ""174"", ""D"": ""170""}",Geometry & Angles
25,32,1600000660,1,"In a triangle, angle A is 3 degrees and angle B is 3 degrees. What is angle C?","{""A"": ""174"", ""B"": ""176"", ""C"": ""171"", ""D"": ""177""}",Geometry & Angles
25,7,1600000720,1,Solve for x: 7x + 4 = 16.,"{""A"": ""2/11"", ""B"": ""5/12"", ""C"": ""12/7"", ""D"": ""3/10""}",Linear Equations
25,26,1600000780,0,"In a triangle, angle A is 5 degrees and angle B is 2 degrees. What is angle C?","{""A"": ""175"", ""B"": ""176"", ""C"": ""173"", ""D"": ""170""}",Geometry & Angles
26,9,1600000000,1,"A recipe uses flour and sugar in the ratio 8:4. If you use 12 cups of flour, how many cups of sugar are needed?","{""A"": ""4"", ""B"": ""8"", ""C"": ""6"", ""D"": ""9""}",Ratios
26,3,1600000060,0,Asha's office is on level 4. Her car is parked in the basement on level -7. How many floors does Asha need to go down to get from the office to her car?,"{""A"": ""16"", ""B"": ""9"", ""C"": ""11"", ""D"": ""10""}",Negative Numbers
26,19,1600000120,0,Asha's office is on level 5. Her car is parked in the basement on level -2. How many floors does Asha need to go down to get from the office to her car?,"{""A"": ""7"", ""B"": ""4"", ""C"": ""6"", ""D"": ""12""}",Negative Numbers
26,31,1600000180,0,"In a triangle, angle A is 4 degrees and angle B is 4 degrees. What is angle C?","{""A"": ""173"", ""B"": ""172"", ""C"": ""171"", ""D"": ""170""}",Geometry & Angles
26,40,1600000240,1,A bag contains 7 red marbles and 4 blue marbles. What is the probability of picking a red marble?,"{""A"": ""10"", ""B"": ""15"", ""C"": ""13"", ""D"": ""9""}",Probability
26,37,1600000300,0,What is 7/8 + 27/8 simplified to its lowest terms?,"{""A"": ""3/4"", ""B"": ""7/11"", ""C"": ""34/8"", ""D"": ""3/5""}",Fractions
26,29,1600000360,1,"In a triangle, angle A is 5 degrees and angle B is 7 degrees. What is angle C?","{""A"": ""168"", ""B"": ""169"", ""C"": ""166"", ""D"": ""167""}",Geometry & Angles
26,1,1600000420,0,What is 2/7 + 18/7 simplified to its lowest terms?,"{""A"": ""4/5"", ""B"": ""3/3"", ""C"": ""20/7"", ""D"": ""9/3""}",Fractions
26,6,1600000480,0,"In a triangle, angle A is 3 degrees and angle B is 8 degrees. What is angle C?","{""A"": ""169"", ""B"": ""166"", ""C"": ""174"", ""D"": ""170""}",Geometry & Angles
27,19,1600000000,1,Asha's office is on level 5. Her car is parked in the basement on level -2. How many floors does Asha need to go down to get from the office to her car?,"{""A"": ""7"", ""B"": ""4"", ""C"": ""6"", ""D"": ""12""}",Negative Numbers
27,28,1600000060,0,What is 8% of 2?,"{""A"": ""-3"", ""B"": ""2"", ""C"": ""-2"", ""D"": ""0""}",Percentages
27,1,1600000120,0,What is 2/7 + 18/7 simplified to its lowest terms?,"{""A"": ""4/5"", ""B"": ""3/3"", ""C"": ""20/7"", ""D"": ""9/3""}",Fractions
27,23,1600000180,0,"In a triangle, angle A is 9 degrees and angle B is 3 degrees. What is angle C?","{""A"": ""173"", ""B"": ""170"", ""C"": ""169"", ""D"": ""168""}",Geometry & Angles
27,16,1600000240,1,What is 9/8 + 12/8 simplified to its lowest terms?,"{""A"": ""21/8"", ""B"": ""3/12"", ""C"": ""9/4"", ""D"": ""8/10""}",Fractions
27,27,1600000300,0,What is the value of 4^2?,"{""A"": ""14"", ""B"": ""13"", ""C"": ""21"", ""D"": ""16""}",Exponents & Powers
27,12,1600000360,0,Solve for x: 8x + 6 = 12.,"{""A"": ""10/9"", ""B"": ""7/8"", ""C"": ""9/6"", ""D"": ""6/8""}",Linear Equations
27,6,1600000420,1,"In a triangle, angle A is 3 degrees and angle B is 8 degrees. What is angle C?","{""A"": ""169"", ""B"": ""166"", ""C"": ""174"", ""D"": ""170""}",Geometry & Angles
27,24,1600000480,1,What is 5/3 + 23/3 simplified to its lowest terms?,"{""A"": ""1/4"", ""B"": ""8/9"", ""C"": ""28/3"", ""D"": ""4/8""}",Fractions
28,12,1600000000,0,Solve for x: 8x + 6 = 12.,"{""A"": ""10/9"", ""B"": ""7/8"", ""C"": ""9/6"", ""D"": ""6/8""}",Linear Equations
28,30,1600000060,1,What is the value of 7^8?,"{""A"": ""5764802"", ""B"": ""5764803"", ""C"": ""5764798"", ""D"": ""5764801""}",Exponents & Powers
28,31,1600000120,0,"In a triangle, angle A is 4 degrees and angle B is 4 degrees. What is angle C?","{""A"": ""173"", ""B"": ""172"", ""C"": ""171"", ""D"": ""170""}",Geometry & Angles
28,40,1600000180,0,A bag contains 7 red marbles and 4 blue marbles. What is the probability of picking a red marble?,"{""A"": ""10"", ""B"": ""15"", ""C"": ""13"", ""D"": ""9""}",Probability
28,9,1600000240,0,"A recipe uses flour and sugar in the ratio 8:4. If you use 12 cups of flour, how many cups of sugar are needed?","{""A"": ""4"", ""B"": ""8"", ""C"": ""6"", ""D"": ""9""}",Ratios
28,5,1600000300,0,What is 8/2 + 27/2 simplified to its lowest terms?,"{""A"": ""10/7"", ""B"": ""10/5"", ""C"": ""5/12"", ""D"": ""35/2""}",Fractions
28,39,1600000360,1,What is the value of 5^3?,"{""A"": ""124"", ""B"": ""130"", ""C"": ""125"", ""D"": ""123""}",Exponents & Powers
28,3,1600000420,1,Asha's office is on level 4. Her car is parked in the basement on level -7. How many floors does Asha need to go down to get from the office to her car?,"{""A"": ""16"", ""B"": ""9"", ""C"": ""11"", ""D"": ""10""}",Negative Numbers
28,19,1600000480,1,Asha's office is on level 5. Her car is parked in the basement on level -2. How many floors does Asha need to go down to get from the office to her car?,"{""A"": ""7"", ""B"": ""4"", ""C"": ""6"", ""D"": ""12""}",Negative Numbers
28,7,1600000540,0,Solve for x: 7x + 4 = 16.,"{""A"": ""2/11"", ""B"": ""5/12"", ""C"": ""12/7"", ""D"": ""3/10""}",Linear Equations
28,2,1600000600,1,What is 5/3 + 26/3 simplified to its lowest terms?,"{""A"": ""31/3"", ""B"": ""9/5"", ""C"": ""9/8"", ""D"": ""10/2""}",Fractions
28,26,1600000660,1,"In a triangle, angle A is 5 degrees and angle B is 2 degrees. What is angle C?","{""A"": ""175"", ""B"": ""176"", ""C"": ""173"", ""D"": ""170""}",Geometry & Angles
28,38,1600000720,1,"A recipe uses flour and sugar in the ratio 8:8. If you use 17 cups of flour, how many cups of sugar are needed?","{""A"": ""15"", ""B"": ""22"", ""C"": ""16"", ""D"": ""17""}",Ratios
28,34,1600000780,1,What is 8/8 + 18/8 simplified to its lowest terms?,"{""A"": ""26/8"", ""B"": ""1/2"", ""C"": ""6/4"", ""D"": ""5/4""}",Fractions
28,11,1600000840,1,A bag contains 7 red marbles and 3 blue marbles. What is the probability of picking a red marble?,"{""A"": ""12"", ""B"": ""7"", ""C"": ""11"", ""D"": ""10""}",Probability
28,10,1600000900,0,A bag contains 9 red marbles and 3 blue marbles. What is the probability of picking a red marble?,"{""A"": ""10"", ""B"": ""12"", ""C"": ""13"", ""D"": ""8""}",Probability
28,17,1600000960,0,What is 5% of 7?,"{""A"": ""0"", ""B"": ""1"", ""C"": ""3"", ""D"": ""-1""}",Percentages
28,13,1600001020,1,"In a triangle, angle A is 7 degrees and angle B is 2 degrees. What is angle C?","{""A"": ""172"", ""B"": ""171"", ""C"": ""168"", ""D"": ""169""}",Geometry & Angles
28,18,1600001080,0,What is 5/3 + 12/3 simplified to its lowest terms?,"{""A"": ""10/10"", ""B"": ""6/2"", ""C"": ""17/3"", ""D"": ""4/11""}",Fractions
28,16,1600001140,0,What is 9/8 + 12/8 simplified to its lowest terms?,"{""A"": ""21/8"", ""B"": ""3/12"", ""C"": ""9/4"", ""D"": ""8/10""}",Fractions
28,36,1600001200,1,A bag contains 4 red marbles and 2 blue marbles. What is the probability of picking a red marble?,"{""A"": ""15"", ""B"": ""9"", ""C"": ""10"", ""D"": ""7""}",Probability
28,27,1600001260,1,What is the value of 4^2?,"{""A"": ""14"", ""B"": ""13"", ""C"": ""21"", ""D"": ""16""}",Exponents & Powers
28,28,1600001320,1,What is 8% of 2?,"{""A"": ""-3"", ""B"": ""2"", ""C"": ""-2"", ""D"": ""0""}",Percentages
28,25,1600001380,0,"In a triangle, angle A is 9 degrees and angle B is 4 degrees. What is angle C?","{""A"": ""172"", ""B"": ""170"", ""C"": ""167"", ""D"": ""169""}",Geometry & Angles
28,37,1600001440,1,What is 7/8 + 27/8 simplified to its lowest terms?,"{""A"": ""3/4"", ""B"": ""7/11"", ""C"": ""34/8"", ""D"": ""3/5""}",Fractions
31,10,1600000000,1,A bag contains 9 red marbles and 3 blue marbles. What is the probability of picking a red marble?,"{""A"": ""10"", ""B"": ""12"", ""C"": ""13"", ""D"": ""8""}",Probability
31,20,1600000060,1,What is 4% of 7?,"{""A"": ""2"", ""B"": ""0"", ""C"": ""-2"", ""D"": ""1""}",Percentages
31,11,1600000120,1,A bag contains 7 red marbles and 3 blue marbles. What is the probability of picking a red marble?,"{""A"": ""12"", ""B"": ""7"", ""C"": ""11"", ""D"": ""10""}",Probability
31,38,1600000180,0,"A recipe uses flour and sugar in the ratio 8:8. If you use 17 cups of flour, how many cups of sugar are needed?","{""A"": ""15"", ""B"": ""22"", ""C"": ""16"", ""D"": ""17""}",Ratios
31,21,1600000240,1,What is 3/7 + 23/7 simplified to its lowest terms?,"{""A"": ""7/9"", ""B"": ""1/12"", ""C"": ""6/8"", ""D"": ""26/7""}",Fractions
31,15,1600000300,0,What is the value of 2^2?,"{""A"": ""2"", ""B"": ""3"", ""C"": ""9"", ""D"": ""4""}",Exponents & Powers
31,23,1600000360,0,"In a triangle, angle A is 9 degrees and angle B is 3 degrees. What is angle C?","{""A"": ""173"", ""B"": ""170"", ""C"": ""169"", ""D"": ""168""}",Geometry & Angles
31,19,1600000420,1,Asha's office is on level 5. Her car is parked in the basement on level -2. How many floors does Asha need to go down to get from the office to her car?,"{""A"": ""7"", ""B"": ""4"", ""C"": ""6"", ""D"": ""12""}",Negative Numbers
31,6,1600000480,1,"In a triangle, angle A is 3 degrees and angle B is 8 degrees. What is angle C?","{""A"": ""169"", ""B"": ""166"", ""C"": ""174"", ""D"": ""170""}",Geometry & Angles
31,9,1600000540,1,"A recipe uses flour and sugar in the ratio 8:4. If you use 12 cups of flour, how many cups of sugar are needed?","{""A"": ""4"", ""B"": ""8"", ""C"": ""6"", ""D"": ""9""}",Ratios
31,7,1600000600,1,Solve for x: 7x + 4 = 16.,"{""A"": ""2/11"", ""B"": ""5/12"", ""C"": ""12/7"", ""D"": ""3/10""}",Linear Equations
31,36,1600000660,0,A bag contains 4 red marbles and 2 blue marbles. What is the probability of picking a red marble?,"{""A"": ""15"", ""B"": ""9"", ""C"": ""10"", ""D"": ""7""}",Probability
31,18,1600000720,1,What is 5/3 + 12/3 simplified to its lowest terms?,"{""A"": ""10/10"", ""B"": ""6/2"", ""C"": ""17/3"", ""D"": ""4/11""}",Fractions
31,31,1600000780,1,"In a triangle, angle A is 4 degrees and angle B is 4 degrees. What is angle C?","{""A"": ""173"", ""B"": ""172"", ""C"": ""171"", ""D"": ""170""}",Geometry & Angles
31,5,1600000840,1,What is 8/2 + 27/2 simplified to its lowest terms?,"{""A"": ""10/7"", ""B"": ""10/5"", ""C"": ""5/12"", ""D"": ""35/2""}",Fractions
31,29,1600000900,1,"In a triangle, angle A is 5 degrees and angle B is 7 degrees. What is angle C?","{""A"": ""168"", ""B"": ""169"", ""C"": ""166"", ""D"": ""167""}",Geometry & Angles
31,40,1600000960,0,A bag contains 7 red marbles and 4 blue marbles. What is the probability of picking a red marble?,"{""A"": ""10"", ""B"": ""15"", ""C"": ""13"", ""D"": ""9""}",Probability
31,39,1600001020,1,What is the value of 5^3?,"{""A"": ""124"", ""B"": ""130"", ""C"": ""125"", ""D"": ""123""}",Exponents & Powers
31,28,1600001080,1,What is 8% of 2?,"{""A"": ""-3"", ""B"": ""2"", ""C"": ""-2"", ""D"": ""0""}",Percentages
31,3,1600001140,1,Asha's office is on level 4. Her car is parked in the basement on level -7. How many floors does Asha need to go down to get from the office to her car?,"{""A"": ""16"", ""B"": ""9"", ""C"": ""11"", ""D"": ""10""}",Negative Numbers
31,17,1600001200,1,What is 5% of 7?,"{""A"": ""0"", ""B"": ""1"", ""C"": ""3"", ""D"": ""-1""}",Percentages
32,16,1600000000,0,What is 9/8 + 12/8 simplified to its lowest terms?,"{""A"": ""21/8"", ""B"": ""3/12"", ""C"": ""9/4"", ""D"": ""8/10""}",Fractions
32,10,1600000060,1,A bag contains 9 red marbles and 3 blue marbles. What is the probability of picking a red marble?,"{""A"": ""10"", ""B"": ""12"", ""C"": ""13"", ""D"": ""8""}",Probability
32,7,1600000120,0,Solve for x: 7x + 4 = 16.,"{""A"": ""2/11"", ""B"": ""5/12"", ""C"": ""12/7"", ""D"": ""3/10""}",Linear Equations
32,4,1600000180,0,A bag contains 3 red marbles and 4 blue marbles. What is the probability of picking a red marble?,"{""A"": ""9"", ""B"": ""12"", ""C"": ""15"", ""D"": ""10""}",Probability
32,19,1600000240,0,Asha's office is on level 5. Her car is parked in the basement on level -2. How many floors does Asha need to go down to get from the office to her car?,"{""A"": ""7"", ""B"": ""4"", ""C"": ""6"", ""D"": ""12""}",Negative Numbers
32,25,1600000300,0,"In a triangle, angle A is 9 degrees and angle B is 4 degrees. What is angle C?","{""A"": ""172"", ""B"": ""170"", ""C"": ""167"", ""D"": ""169""}",Geometry & Angles
32,27,1600000360,1,What is the value of 4^2?,"{""A"": ""14"", ""B"": ""13"", ""C"": ""21"", ""D"": ""16""}",Exponents & Powers
32,40,1600000420,1,A bag contains 7 red marbles and 4 blue marbles. What is the probability of picking a red marble?,"{""A"": ""10"", ""B"": ""15"", ""C"": ""13"", ""D"": ""9""}",Probability
32,11,1600000480,0,A bag contains 7 red marbles and 3 blue marbles. What is the probability of picking a red marble?,"{""A"": ""12"", ""B"": ""7"", ""C"": ""11"", ""D"": ""10""}",Probability
32,34,1600000540,0,What is 8/8 + 18/8 simplified to its lowest terms?,"{""A"": ""26/8"", ""B"": ""1/2"", ""C"": ""6/4"", ""D"": ""5/4""}",Fractions
32,32,1600000600,0,"In a triangle, angle A is 3 degrees and angle B is 3 degrees. What is angle C?","{""A"": ""174"", ""B"": ""176"", ""C"": ""171"", ""D"": ""177""}",Geometry & Angles
32,36,1600000660,0,A bag contains 4 red marbles and 2 blue marbles. What is the probability of picking a red marble?,"{""A"": ""15"", ""B"": ""9"", ""C"": ""10"", ""D"": ""7""}",Probability
32,24,1600000720,0,What is 5/3 + 23/3 simplified to its lowest terms?,"{""A"": ""1/4"", ""B"": ""8/9"", ""C"": ""28/3"", ""D"": ""4/8""}",Fractions
32,30,1600000780,0,What is the value of 7^8?,"{""A"": ""5764802"", ""B"": ""5764803"", ""C"": ""5764798"", ""D"": ""5764801""}",Exponents & Powers
32,38,1600000840,0,"A recipe uses flour and sugar in the ratio 8:8. If you use 17 cups of flour, how many cups of sugar are needed?","{""A"": ""15"", ""B"": ""22"", ""C"": ""16"", ""D"": ""17""}",Ratios
32,35,1600000900,0,Asha's office is on level 3. Her car is parked in the basement on level -2. How many floors does Asha need to go down to get from the office to her car?,"{""A"": ""2"", ""B"": ""5"", ""C"": ""7"", ""D"": ""10""}",Negative Numbers
32,6,1600000960,0,"In a triangle, angle A is 3 degrees and angle B is 8 degrees. What is angle C?","{""A"": ""169"", ""B"": ""166"", ""C"": ""174"", ""D"": ""170""}",Geometry & Angles
32,33,1600001020,0,What is 7% of 3?,"{""A"": ""-1"", ""B"": ""0"", ""C"": ""2"", ""D"": ""5""}",Percentages
32,17,1600001080,0,What is 5% of 7?,"{""A"": ""0"", ""B"": ""1"", ""C"": ""3"", ""D"": ""-1""}",Percentages
33,3,1600000000,1,Asha's office is on level 4. Her car is parked in the basement on level -7. How many floors does Asha need to go down to get from the office to her car?,"{""A"": ""16"", ""B"": ""9"", ""C"": ""11"", ""D"": ""10""}",Negative Numbers
33,40,1600000060,0,A bag contains 7 red marbles and 4 blue marbles. What is the probability of picking a red marble?,"{""A"": ""10"", ""B"": ""15"", ""C"": ""13"", ""D"": ""9""}",Probability
33,9,1600000120,0,"A recipe uses flour and sugar in the ratio 8:4. If you use 12 cups of flour, how many cups of sugar are needed?","{""A"": ""4"", ""B"": ""8"", ""C"": ""6"", ""D"": ""9""}",Ratios
33,22,1600000180,0,"A recipe uses flour and sugar in the ratio 3:3. If you use 16 cups of flour, how many cups of sugar are needed?","{""A"": ""17"", ""B"": ""16"", ""C"": ""14"", ""D"": ""18""}",Ratios
33,31,1600000240,1,"In a triangle, angle A is 4 degrees and angle B is 4 degrees. What is angle C?","{""A"": ""173"", ""B"": ""172"", ""C"": ""171"", ""D"": ""170""}",Geometry & Angles
33,34,1600000300,0,What is 8/8 + 18/8 simplified to its lowest terms?,"{""A"": ""26/8"", ""B"": ""1/2"", ""C"": ""6/4"", ""D"": ""5/4""}",Fractions
34,31,1600000000,1,"In a triangle, angle A is 4 degrees and angle B is 4 degrees. What is angle C?","{""A"": ""173"", ""B"": ""172"", ""C"": ""171"", ""D"": ""170""}",Geometry & Angles
34,2,1600000060,1,What is 5/3 + 26/3 simplified to its lowest terms?,"{""A"": ""31/3"", ""B"": ""9/5"", ""C"": ""9/8"", ""D"": ""10/2""}",Fractions
34,24,1600000120,0,What is 5/3 + 23/3 simplified to its lowest terms?,"{""A"": ""1/4"", ""B"": ""8/9"", ""C"": ""28/3"", ""D"": ""4/8""}",Fractions
34,22,1600000180,1,"A recipe uses flour and sugar in the ratio 3:3. If you use 16 cups of flour, how many cups of sugar are needed?","{""A"": ""17"", ""B"": ""16"", ""C"": ""14"", ""D"": ""18""}",Ratios
34,8,1600000240,0,A bag contains 6 red marbles and 7 blue marbles. What is the probability of picking a red marble?,"{""A"": ""8"", ""B"": ""9"", ""C"": ""13"", ""D"": ""10""}",Probability
34,27,1600000300,1,What is the value of 4^2?,"{""A"": ""14"", ""B"": ""13"", ""C"": ""21"", ""D"": ""16""}",Exponents & Powers
34,20,1600000360,1,What is 4% of 7?,"{""A"": ""2"", ""B"": ""0"", ""C"": ""-2"", ""D"": ""1""}",Percentages
34,39,1600000420,0,What is the value of 5^3?,"{""A"": ""124"", ""B"": ""130"", ""C"": ""125"", ""D"": ""123""}",Exponents & Powers
34,40,1600000480,1,A bag contains 7 red marbles and 4 blue marbles. What is the probability of picking a red marble?,"{""A"": ""10"", ""B"": ""15"", ""C"": ""13"", ""D"": ""9""}",Probability
34,9,1600000540,0,"A recipe uses flour and sugar in the ratio 8:4. If you use 12 cups of flour, how many cups of sugar are needed?","{""A"": ""4"", ""B"": ""8"", ""C"": ""6"", ""D"": ""9""}",Ratios
34,21,1600000600,0,What is 3/7 + 23/7 simplified to its lowest terms?,"{""A"": ""7/9"", ""B"": ""1/12"", ""C"": ""6/8"", ""D"": ""26/7""}",Fractions
34,26,1600000660,1,"In a triangle, angle A is 5 degrees and angle B is 2 degrees. What is angle C?","{""A"": ""175"", ""B"": ""176"", ""C"": ""173"", ""D"": ""170""}",Geometry & Angles
34,25,1600000720,1,"In a triangle, angle A is 9 degrees and angle B is 4 degrees. What is angle C?","{""A"": ""172"", ""B"": ""170"", ""C"": ""167"", ""D"": ""169""}",Geometry & Angles
34,19,1600000780,1,Asha's office is on level 5. Her car is parked in the basement on level -2. How many floors does Asha need to go down to get from the office to her car?,"{""A"": ""7"", ""B"": ""4"", ""C"": ""6"", ""D"": ""12""}",Negative Numbers
35,22,1600000000,0,"A recipe uses flour and sugar in the ratio 3:3. If you use 16 cups of flour, how many cups of sugar are needed?","{""A"": ""17"", ""B"": ""16"", ""C"": ""14"", ""D"": ""18""}",Ratios
35,35,1600000060,1,Asha's office is on level 3. Her car is parked in the basement on level -2. How many floors does Asha need to go down to get from the office to her car?,"{""A"": ""2"", ""B"": ""5"", ""C"": ""7"", ""D"": ""10""}",Negative Numbers
35,23,1600000120,0,"In a triangle, angle A is 9 degrees and angle B is 3 degrees. What is angle C?","{""A"": ""173"", ""B"": ""170"", ""C"": ""169"", ""D"": ""168""}",Geometry & Angles
35,17,1600000180,0,What is 5% of 7?,"{""A"": ""0"", ""B"": ""1"", ""C"": ""3"", ""D"": ""-1""}",Percentages
35,31,1600000240,0,"In a triangle, angle A is 4 degrees and angle B is 4 degrees. What is angle C?","{""A"": ""173"", ""B"": ""172"", ""C"": ""171"", ""D"": ""170""}",Geometry & Angles
35,13,1600000300,1,"In a triangle, angle A is 7 degrees and angle B is 2 degrees. What is angle C?","{""A"": ""172"", ""B"": ""171"", ""C"": ""168"", ""D"": ""169""}",Geometry & Angles
35,16,1600000360,0,What is 9/8 + 12/8 simplified to its lowest terms?,"{""A"": ""21/8"", ""B"": ""3/12"", ""C"": ""9/4"", ""D"": ""8/10""}",Fractions
35,18,1600000420,0,What is 5/3 + 12/3 simplified to its lowest terms?,"{""A"": ""10/10"", ""B"": ""6/2"", ""C"": ""17/3"", ""D"": ""4/11""}",Fractions
35,20,1600000480,0,What is 4% of 7?,"{""A"": ""2"", ""B"": ""0"", ""C"": ""-2"", ""D"": ""1""}",Percentages
35,8,1600000540,0,A bag contains 6 red marbles and 7 blue marbles. What is the probability of picking a red marble?,"{""A"": ""8"", ""B"": ""9"", ""C"": ""13"", ""D"": ""10""}",Probability
35,10,1600000600,0,A bag contains 9 red marbles and 3 blue marbles. What is the probability of picking a red marble?,"{""A"": ""10"", ""B"": ""12"", ""C"": ""13"", ""D"": ""8""}",Probability
35,25,1600000660,0,"In a triangle, angle A is 9 degrees and angle B is 4 degrees. What is angle C?","{""A"": ""172"", ""B"": ""170"", ""C"": ""167"", ""D"": ""169""}",Geometry & Angles
35,30,1600000720,1,What is the value of 7^8?,"{""A"": ""5764802"", ""B"": ""5764803"", ""C"": ""5764798"", ""D"": ""5764801""}",Exponents & Powers
35,38,1600000780,0,"A recipe uses flour and sugar in the ratio 8:8. If you use 17 cups of flour, how many cups of sugar are needed?","{""A"": ""15"", ""B"": ""22"", ""C"": ""16"", ""D"": ""17""}",Ratios
35,7,1600000840,1,Solve for x: 7x + 4 = 16.,"{""A"": ""2/11"", ""B"": ""5/12"", ""C"": ""12/7"", ""D"": ""3/10""}",Linear Equations
35,27,1600000900,1,What is the value of 4^2?,"{""A"": ""14"", ""B"": ""13"", ""C"": ""21"", ""D"": ""16""}",Exponents & Powers
35,29,1600000960,0,"In a triangle, angle A is 5 degrees and angle B is 7 degrees. What is angle C?","{""A"": ""168"", ""B"": ""169"", ""C"": ""166"", ""D"": ""167""}",Geometry & Angles
35,34,1600001020,0,What is 8/8 + 18/8 simplified to its lowest terms?,"{""A"": ""26/8"", ""B"": ""1/2"", ""C"": ""6/4"", ""D"": ""5/4""}",Fractions
35,11,1600001080,0,A bag contains 7 red marbles and 3 blue marbles. What is the probability of picking a red marble?,"{""A"": ""12"", ""B"": ""7"", ""C"": ""11"", ""D"": ""10""}",Probability
35,24,1600001140,1,What is 5/3 + 23/3 simplified to its lowest terms?,"{""A"": ""1/4"", ""B"": ""8/9"", ""C"": ""28/3"", ""D"": ""4/8""}",Fractions
35,12,1600001200,0,Solve for x: 8x + 6 = 12.,"{""A"": ""10/9"", ""B"": ""7/8"", ""C"": ""9/6"", ""D"": ""6/8""}",Linear Equations
35,33,1600001260,0,What is 7% of 3?,"{""A"": ""-1"", ""B"": ""0"", ""C"": ""2"", ""D"": ""5""}",Percentages
36,37,1600000000,0,What is 7/8 + 27/8 simplified to its lowest terms?,"{""A"": ""3/4"", ""B"": ""7/11"", ""C"": ""34/8"", ""D"": ""3/5""}",Fractions
36,15,1600000060,1,What is the value of 2^2?,"{""A"": ""2"", ""B"": ""3"", ""C"": ""9"", ""D"": ""4""}",Exponents & Powers
36,35,1600000120,1,Asha's office is on level 3. Her car is parked in the basement on level -2. How many floors does Asha need to go down to get from the office to her car?,"{""A"": ""2"", ""B"": ""5"", ""C"": ""7"", ""D"": ""10""}",Negative Numbers
36,3,1600000180,1,Asha's office is on level 4. Her car is parked in the basement on level -7. How many floors does Asha need to go down to get from the office to her car?,"{""A"": ""16"", ""B"": ""9"", ""C"": ""11"", ""D"": ""10""}",Negative Numbers
36,12,1600000240,1,Solve for x: 8x + 6 = 12.,"{""A"": ""10/9"", ""B"": ""7/8"", ""C"": ""9/6"", ""D"": ""6/8""}",Linear Equations
36,27,1600000300,0,What is the value of 4^2?,"{""A"": ""14"", ""B"": ""13"", ""C"": ""21"", ""D"": ""16""}",Exponents & Powers
36,36,1600000360,1,A bag contains 4 red marbles and 2 blue marbles. What is the probability of picking a red marble?,"{""A"": ""15"", ""B"": ""9"", ""C"": ""10"", ""D"": ""7""}",Probability
37,35,1600000000,0,Asha's office is on level 3. Her car is parked in the basement on level -2. How many floors does Asha need to go down to get from the office to her car?,"{""A"": ""2"", ""B"": ""5"", ""C"": ""7"", ""D"": ""10""}",Negative Numbers
37,34,1600000060,1,What is 8/8 + 18/8 simplified to its lowest terms?,"{""A"": ""26/8"", ""B"": ""1/2"", ""C"": ""6/4"", ""D"": ""5/4""}",Fractions
37,32,1600000120,1,"In a triangle, angle A is 3 degrees and angle B is 3 degrees. What is angle C?","{""A"": ""174"", ""B"": ""176"", ""C"": ""171"", ""D"": ""177""}",Geometry & Angles
37,9,1600000180,1,"A recipe uses flour and sugar in the ratio 8:4. If you use 12 cups of flour, how many cups of sugar are needed?","{""A"": ""4"", ""B"": ""8"", ""C"": ""6"", ""D"": ""9""}",Ratios
37,33,1600000240,0,What is 7% of 3?,"{""A"": ""-1"", ""B"": ""0"", ""C"": ""2"", ""D"": ""5""}",Percentages
37,30,1600000300,1,What is the value of 7^8?,"{""A"": ""5764802"", ""B"": ""5764803"", ""C"": ""5764798"", ""D"": ""5764801""}",Exponents & Powers
37,18,1600000360,0,What is 5/3 + 12/3 simplified to its lowest terms?,"{""A"": ""10/10"", ""B"": ""6/2"", ""C"": ""17/3"", ""D"": ""4/11""}",Fractions
37,13,1600000420,0,"In a triangle, angle A is 7 degrees and angle B is 2 degrees. What is angle C?","{""A"": ""172"", ""B"": ""171"", ""C"": ""168"", ""D"": ""169""}",Geometry & Angles
37,8,1600000480,1,A bag contains 6 red marbles and 7 blue marbles. What is the probability of picking a red marble?,"{""A"": ""8"", ""B"": ""9"", ""C"": ""13"", ""D"": ""10""}",Probability
37,11,1600000540,1,A bag contains 7 red marbles and 3 blue marbles. What is the probability of picking a red marble?,"{""A"": ""12"", ""B"": ""7"", ""C"": ""11"", ""D"": ""10""}",Probability
37,6,1600000600,0,"In a triangle, angle A is 3 degrees and angle B is 8 degrees. What is angle C?","{""A"": ""169"", ""B"": ""166"", ""C"": ""174"", ""D"": ""170""}",Geometry & Angles
37,24,1600000660,1,What is 5/3 + 23/3 simplified to its lowest terms?,"{""A"": ""1/4"", ""B"": ""8/9"", ""C"": ""28/3"", ""D"": ""4/8""}",Fractions
37,15,1600000720,1,What is the value of 2^2?,"{""A"": ""2"", ""B"": ""3"", ""C"": ""9"", ""D"": ""4""}",Exponents & Powers
37,21,1600000780,1,What is 3/7 + 23/7 simplified to its lowest terms?,"{""A"": ""7/9"", ""B"": ""1/12"", ""C"": ""6/8"", ""D"": ""26/7""}",Fractions
37,37,1600000840,1,What is 7/8 + 27/8 simplified to its lowest terms?,"{""A"": ""3/4"", ""B"": ""7/11"", ""C"": ""34/8"", ""D"": ""3/5""}",Fractions
37,23,1600000900,0,"In a triangle, angle A is 9 degrees and angle B is 3 degrees. What is angle C?","{""A"": ""173"", ""B"": ""170"", ""C"": ""169"", ""D"": ""168""}",Geometry & Angles
37,40,1600000960,0,A bag contains 7 red marbles and 4 blue marbles. What is the probability of picking a red marble?,"{""A"": ""10"", ""B"": ""15"", ""C"": ""13"", ""D"": ""9""}",Probability
37,1,1600001020,0,What is 2/7 + 18/7 simplified to its lowest terms?,"{""A"": ""4/5"", ""B"": ""3/3"", ""C"": ""20/7"", ""D"": ""9/3""}",Fractions
37,31,1600001080,1,"In a triangle, angle A is 4 degrees and angle B is 4 degrees. What is angle C?","{""A"": ""173"", ""B"": ""172"", ""C"": ""171"", ""D"": ""170""}",Geometry & Angles
37,10,1600001140,1,A bag contains 9 red marbles and 3 blue marbles. What is the probability of picking a red marble?,"{""A"": ""10"", ""B"": ""12"", ""C"": ""13"", ""D"": ""8""}",Probability
37,19,1600001200,1,Asha's office is on level 5. Her car is parked in the basement on level -2. How many floors does Asha need to go down to get from the office to her car?,"{""A"": ""7"", ""B"": ""4"", ""C"": ""6"", ""D"": ""12""}",Negative Numbers
37,7,1600001260,0,Solve for x: 7x + 4 = 16.,"{""A"": ""2/11"", ""B"": ""5/12"", ""C"": ""12/7"", ""D"": ""3/10""}",Linear Equations
37,29,1600001320,0,"In a triangle, angle A is 5 degrees and angle B is 7 degrees. What is angle C?","{""A"": ""168"", ""B"": ""169"", ""C"": ""166"", ""D"": ""167""}",Geometry & Angles
37,36,1600001380,1,A bag contains 4 red marbles and 2 blue marbles. What is the probability of picking a red marble?,"{""A"": ""15"", ""B"": ""9"", ""C"": ""10"", ""D"": ""7""}",Probability
37,14,1600001440,0,What is 6/8 + 30/8 simplified to its lowest terms?,"{""A"": ""4/4"", ""B"": ""6/4"", ""C"": ""9/11"", ""D"": ""36/8""}",Fractions
38,34,1600000000,1,What is 8/8 + 18/8 simplified to its lowest terms?,"{""A"": ""26/8"", ""B"": ""1/2"", ""C"": ""6/4"", ""D"": ""5/4""}",Fractions
38,29,1600000060,0,"In a triangle, angle A is 5 degrees and angle B is 7 degrees. What is angle C?","{""A"": ""168"", ""B"": ""169"", ""C"": ""166"", ""D"": ""167""}",Geometry & Angles
38,8,1600000120,0,A bag contains 6 red marbles and 7 blue marbles. What is the probability of picking a red marble?,"{""A"": ""8"", ""B"": ""9"", ""C"": ""13"", ""D"": ""10""}",Probability
38,14,1600000180,0,What is 6/8 + 30/8 simplified to its lowest terms?,"{""A"": ""4/4"", ""B"": ""6/4"", ""C"": ""9/11"", ""D"": ""36/8""}",Fractions
38,32,1600000240,1,"In a triangle, angle A is 3 degrees and angle B is 3 degrees. What is angle C?","{""A"": ""174"", ""B"": ""176"", ""C"": ""171"", ""D"": ""177""}",Geometry & Angles
38,6,1600000300,0,"In a triangle, angle A is 3 degrees and angle B is 8 degrees. What is angle C?","{""A"": ""169"", ""B"": ""166"", ""C"": ""174"", ""D"": ""170""}",Geometry & Angles
38,33,1600000360,0,What is 7% of 3?,"{""A"": ""-1"", ""B"": ""0"", ""C"": ""2"", ""D"": ""5""}",Percentages
38,39,1600000420,1,What is the value of 5^3?,"{""A"": ""124"", ""B"": ""130"", ""C"": ""125"", ""D"": ""123""}",Exponents & Powers
38,4,1600000480,1,A bag contains 3 red marbles and 4 blue marbles. What is the probability of picking a red marble?,"{""A"": ""9"", ""B"": ""12"", ""C"": ""15"", ""D"": ""10""}",Probability
38,15,1600000540,0,What is the value of 2^2?,"{""A"": ""2"", ""B"": ""3"", ""C"": ""9"", ""D"": ""4""}",Exponents & Powers
38,5,1600000600,0,What is 8/2 + 27/2 simplified to its lowest terms?,"{""A"": ""10/7"", ""B"": ""10/5"", ""C"": ""5/12"", ""D"": ""35/2""}",Fractions
38,17,1600000660,0,What is 5% of 7?,"{""A"": ""0"", ""B"": ""1"", ""C"": ""3"", ""D"": ""-1""}",Percentages
38,37,1600000720,0,What is 7/8 + 27/8 simplified to its lowest terms?,"{""A"": ""3/4"", ""B"": ""7/11"", ""C"": ""34/8"", ""D"": ""3/5""}",Fractions
38,31,1600000780,0,"In a triangle, angle A is 4 degrees and angle B is 4 degrees. What is angle C?","{""A"": ""173"", ""B"": ""172"", ""C"": ""171"", ""D"": ""170""}",Geometry & Angles
38,19,1600000840,0,Asha's office is on level 5. Her car is parked in the basement on level -2. How many floors does Asha need to go down to get from the office to her car?,"{""A"": ""7"", ""B"": ""4"", ""C"": ""6"", ""D"": ""12""}",Negative Numbers
39,23,1600000000,0,"In a triangle, angle A is 9 degrees and angle B is 3 degrees. What is angle C?","{""A"": ""173"", ""B"": ""170"", ""C"": ""169"", ""D"": ""168""}",Geometry & Angles
39,8,1600000060,1,A bag contains 6 red marbles and 7 blue marbles. What is the probability of picking a red marble?,"{""A"": ""8"", ""B"": ""9"", ""C"": ""13"", ""D"": ""10""}",Probability
39,12,1600000120,0,Solve for x: 8x + 6 = 12.,"{""A"": ""10/9"", ""B"": ""7/8"", ""C"": ""9/6"", ""D"": ""6/8""}",Linear Equations
39,35,1600000180,0,Asha's office is on level 3. Her car is parked in the basement on level -2. How many floors does Asha need to go down to get from the office to her car?,"{""A"": ""2"", ""B"": ""5"", ""C"": ""7"", ""D"": ""10""}",Negative Numbers
39,26,1600000240,0,"In a triangle, angle A is 5 degrees and angle B is 2 degrees. What is angle C?","{""A"": ""175"", ""B"": ""176"", ""C"": ""173"", ""D"": ""170""}",Geometry & Angles
39,34,1600000300,1,What is 8/8 + 18/8 simplified to its lowest terms?,"{""A"": ""26/8"", ""B"": ""1/2"", ""C"": ""6/4"", ""D"": ""5/4""}",Fractions
39,9,1600000360,1,"A recipe uses flour and sugar in the ratio 8:4. If you use 12 cups of flour, how many cups of sugar are needed?","{""A"": ""4"", ""B"": ""8"", ""C"": ""6"", ""D"": ""9""}",Ratios
39,15,1600000420,1,What is the value of 2^2?,"{""A"": ""2"", ""B"": ""3"", ""C"": ""9"", ""D"": ""4""}",Exponents & Powers
39,1,1600000480,0,What is 2/7 + 18/7 simplified to its lowest terms?,"{""A"": ""4/5"", ""B"": ""3/3"", ""C"": ""20/7"", ""D"": ""9/3""}",Fractions
39,25,1600000540,0,"In a triangle, angle A is 9 degrees and angle B is 4 degrees. What is angle C?","{""A"": ""172"", ""B"": ""170"", ""C"": ""167"", ""D"": ""169""}",Geometry & Angles
39,32,1600000600,1,"In a triangle, angle A is 3 degrees and angle B is 3 degrees. What is angle C?","{""A"": ""174"", ""B"": ""176"", ""C"": ""171"", ""D"": ""177""}",Geometry & Angles
39,10,1600000660,1,A bag contains 9 red marbles and 3 blue marbles. What is the probability of picking a red marble?,"{""A"": ""10"", ""B"": ""12"", ""C"": ""13"", ""D"": ""8""}",Probability
39,33,1600000720,0,What is 7% of 3?,"{""A"": ""-1"", ""B"": ""0"", ""C"": ""2"", ""D"": ""5""}",Percentages
39,22,1600000780,0,"A recipe uses flour and sugar in the ratio 3:3. If you use 16 cups of flour, how many cups of sugar are needed?","{""A"": ""17"", ""B"": ""16"", ""C"": ""14"", ""D"": ""18""}",Ratios
39,24,1600000840,0,What is 5/3 + 23/3 simplified to its lowest terms?,"{""A"": ""1/4"", ""B"": ""8/9"", ""C"": ""28/3"", ""D"": ""4/8""}",Fractions
39,18,1600000900,1,What is 5/3 + 12/3 simplified to its lowest terms?,"{""A"": ""10/10"", ""B"": ""6/2"", ""C"": ""17/3"", ""D"": ""4/11""}",Fractions
39,14,1600000960,0,What is 6/8 + 30/8 simplified to its lowest terms?,"{""A"": ""4/4"", ""B"": ""6/4"", ""C"": ""9/11"", ""D"": ""36/8""}",Fractions
39,31,1600001020,1,"In a triangle, angle A is 4 degrees and angle B is 4 degrees. What is angle C?","{""A"": ""173"", ""B"": ""172"", ""C"": ""171"", ""D"": ""170""}",Geometry & Angles
39,13,1600001080,0,"In a triangle, angle A is 7 degrees and angle B is 2 degrees. What is angle C?","{""A"": ""172"", ""B"": ""171"", ""C"": ""168"", ""D"": ""169""}",Geometry & Angles
39,39,1600001140,0,What is the value of 5^3?,"{""A"": ""124"", ""B"": ""130"", ""C"": ""125"", ""D"": ""123""}",Exponents & Powers
39,21,1600001200,1,What is 3/7 + 23/7 simplified to its lowest terms?,"{""A"": ""7/9"", ""B"": ""1/12"", ""C"": ""6/8"", ""D"": ""26/7""}",Fractions
39,28,1600001260,1,What is 8% of 2?,"{""A"": ""-3"", ""B"": ""2"", ""C"": ""-2"", ""D"": ""0""}",Percentages
39,38,1600001320,0,"A recipe uses flour and sugar in the ratio 8:8. If you use 17 cups of flour, how many cups of sugar are needed?","{""A"": ""15"", ""B"": ""22"", ""C"": ""16"", ""D"": ""17""}",Ratios
39,5,1600001380,1,What is 8/2 + 27/2 simplified to its lowest terms?,"{""A"": ""10/7"", ""B"": ""10/5"", ""C"": ""5/12"", ""D"": ""35/2""}",Fractions
39,37,1600001440,1,What is 7/8 + 27/8 simplified to its lowest terms?,"{""A"": ""3/4"", ""B"": ""7/11"", ""C"": ""34/8"", ""D"": ""3/5""}",Fractions
40,30,1600000000,1,What is the value of 7^8?,"{""A"": ""5764802"", ""B"": ""5764803"", ""C"": ""5764798"", ""D"": ""5764801""}",Exponents & Powers
40,4,1600000060,0,A bag contains 3 red marbles and 4 blue marbles. What is the probability of picking a red marble?,"{""A"": ""9"", ""B"": ""12"", ""C"": ""15"", ""D"": ""10""}",Probability
40,36,1600000120,1,A bag contains 4 red marbles and 2 blue marbles. What is the probability of picking a red marble?,"{""A"": ""15"", ""B"": ""9"", ""C"": ""10"", ""D"": ""7""}",Probability
40,27,1600000180,1,What is the value of 4^2?,"{""A"": ""14"", ""B"": ""13"", ""C"": ""21"", ""D"": ""16""}",Exponents & Powers
40,37,1600000240,0,What is 7/8 + 27/8 simplified to its lowest terms?,"{""A"": ""3/4"", ""B"": ""7/11"", ""C"": ""34/8"", ""D"": ""3/5""}",Fractions
40,34,1600000300,1,What is 8/8 + 18/8 simplified to its lowest terms?,"{""A"": ""26/8"", ""B"": ""1/2"", ""C"": ""6/4"", ""D"": ""5/4""}",Fractions
40,9,1600000360,0,"A recipe uses flour and sugar in the ratio 8:4. If you use 12 cups of flour, how many cups of sugar are needed?","{""A"": ""4"", ""B"": ""8"", ""C"": ""6"", ""D"": ""9""}",Ratios
40,25,1600000420,0,"In a triangle, angle A is 9 degrees and angle B is 4 degrees. What is angle C?","{""A"": ""172"", ""B"": ""170"", ""C"": ""167"", ""D"": ""169""}",Geometry & Angles
40,16,1600000480,1,What is 9/8 + 12/8 simplified to its lowest terms?,"{""A"": ""21/8"", ""B"": ""3/12"", ""C"": ""9/4"", ""D"": ""8/10""}",Fractions
41,1,1600000000,1,What is 2/7 + 18/7 simplified to its lowest terms?,"{""A"": ""4/5"", ""B"": ""3/3"", ""C"": ""20/7"", ""D"": ""9/3""}",Fractions
41,14,1600000060,1,What is 6/8 + 30/8 simplified to its lowest terms?,"{""A"": ""4/4"", ""B"": ""6/4"", ""C"": ""9/11"", ""D"": ""36/8""}",Fractions
41,13,1600000120,1,"In a triangle, angle A is 7 degrees and angle B is 2 degrees. What is angle C?","{""A"": ""172"", ""B"": ""171"", ""C"": ""168"", ""D"": ""169""}",Geometry & Angles
41,8,1600000180,0,A bag contains 6 red marbles and 7 blue marbles. What is the probability of picking a red marble?,"{""A"": ""8"", ""B"": ""9"", ""C"": ""13"", ""D"": ""10""}",Probability
41,31,1600000240,1,"In a triangle, angle A is 4 degrees and angle B is 4 degrees. What is angle C?","{""A"": ""173"", ""B"": ""172"", ""C"": ""171"", ""D"": ""170""}",Geometry & Angles
41,16,1600000300,1,What is 9/8 + 12/8 simplified to its lowest terms?,"{""A"": ""21/8"", ""B"": ""3/12"", ""C"": ""9/4"", ""D"": ""8/10""}",Fractions
41,39,1600000360,1,What is the value of 5^3?,"{""A"": ""124"", ""B"": ""130"", ""C"": ""125"", ""D"": ""123""}",Exponents & Powers
41,26,1600000420,1,"In a triangle, angle A is 5 degrees and angle B is 2 degrees. What is angle C?","{""A"": ""175"", ""B"": ""176"", ""C"": ""173"", ""D"": ""170""}",Geometry & Angles
41,35,1600000480,0,Asha's office is on level 3. Her car is parked in the basement on level -2. How many floors does Asha need to go down to get from the office to her car?,"{""A"": ""2"", ""B"": ""5"", ""C"": ""7"", ""D"": ""10""}",Negative Numbers
41,18,1600000540,1,What is 5/3 + 12/3 simplified to its lowest terms?,"{""A"": ""10/10"", ""B"": ""6/2"", ""C"": ""17/3"", ""D"": ""4/11""}",Fractions
41,11,1600000600,1,A bag contains 7 red marbles and 3 blue marbles. What is the probability of picking a red marble?,"{""A"": ""12"", ""B"": ""7"", ""C"": ""11"", ""D"": ""10""}",Probability
41,25,1600000660,1,"In a triangle, angle A is 9 degrees and angle B is 4 degrees. What is angle C?","{""A"": ""172"", ""B"": ""170"", ""C"": ""167"", ""D"": ""169""}",Geometry & Angles
41,10,1600000720,1,A bag contains 9 red marbles and 3 blue marbles. What is the probability of picking a red marble?,"{""A"": ""10"", ""B"": ""12"", ""C"": ""13"", ""D"": ""8""}",Probability
41,38,1600000780,0,"A recipe uses flour and sugar in the ratio 8:8. If you use 17 cups of flour, how many cups of sugar are needed?","{""A"": ""15"", ""B"": ""22"", ""C"": ""16"", ""D"": ""17""}",Ratios
42,32,1600000000,0,"In a triangle, angle A is 3 degrees and angle B is 3 degrees. What is angle C?","{""A"": ""174"", ""B"": ""176"", ""C"": ""171"", ""D"": ""177""}",Geometry & Angles
42,30,1600000060,0,What is the value of 7^8?,"{""A"": ""5764802"", ""B"": ""5764803"", ""C"": ""5764798"", ""D"": ""5764801""}",Exponents & Powers
42,11,1600000120,0,A bag contains 7 red marbles and 3 blue marbles. What is the probability of picking a red marble?,"{""A"": ""12"", ""B"": ""7"", ""C"": ""11"", ""D"": ""10""}",Probability
42,23,1600000180,1,"In a triangle, angle A is 9 degrees and angle B is 3 degrees. What is angle C?","{""A"": ""173"", ""B"": ""170"", ""C"": ""169"", ""D"": ""168""}",Geometry & Angles
42,38,1600000240,0,"A recipe uses flour and sugar in the ratio 8:8. If you use 17 cups of flour, how many cups of sugar are needed?","{""A"": ""15"", ""B"": ""22"", ""C"": ""16"", ""D"": ""17""}",Ratios
42,9,1600000300,1,"A recipe uses flour and sugar in the ratio 8:4. If you use 12 cups of flour, how many cups of sugar are needed?","{""A"": ""4"", ""B"": ""8"", ""C"": ""6"", ""D"": ""9""}",Ratios
42,40,1600000360,0,A bag contains 7 red marbles and 4 blue marbles. What is the probability of picking a red marble?,"{""A"": ""10"", ""B"": ""15"", ""C"": ""13"", ""D"": ""9""}",Probability
42,12,1600000420,0,Solve for x: 8x + 6 = 12.,"{""A"": ""10/9"", ""B"": ""7/8"", ""C"": ""9/6"", ""D"": ""6/8""}",Linear Equations
42,4,1600000480,1,A bag contains 3 red marbles and 4 blue marbles. What is the probability of picking a red marble?,"{""A"": ""9"", ""B"": ""12"", ""C"": ""15"", ""D"": ""10""}",Probability
42,17,1600000540,1,What is 5% of 7?,"{""A"": ""0"", ""B"": ""1"", ""C"": ""3"", ""D"": ""-1""}",Percentages
42,2,1600000600,1,What is 5/3 + 26/3 simplified to its lowest terms?,"{""A"": ""31/3"", ""B"": ""9/5"", ""C"": ""9/8"", ""D"": ""10/2""}",Fractions
42,27,1600000660,0,What is the value of 4^2?,"{""A"": ""14"", ""B"": ""13"", ""C"": ""21"", ""D"": ""16""}",Exponents & Powers
42,28,1600000720,1,What is 8% of 2?,"{""A"": ""-3"", ""B"": ""2"", ""C"": ""-2"", ""D"": ""0""}",Percentages
42,3,1600000780,1,Asha's office is on level 4. Her car is parked in the basement on level -7. How many floors does Asha need to go down to get from the office to her car?,"{""A"": ""16"", ""B"": ""9"", ""C"": ""11"", ""D"": ""10""}",Negative Numbers
42,22,1600000840,0,"A recipe uses flour and sugar in the ratio 3:3. If you use 16 cups of flour, how many cups of sugar are needed?","{""A"": ""17"", ""B"": ""16"", ""C"": ""14"", ""D"": ""18""}",Ratios
42,39,1600000900,0,What is the value of 5^3?,"{""A"": ""124"", ""B"": ""130"", ""C"": ""125"", ""D"": ""123""}",Exponents & Powers
42,1,1600000960,0,What is 2/7 + 18/7 simplified to its lowest terms?,"{""A"": ""4/5"", ""B"": ""3/3"", ""C"": ""20/7"", ""D"": ""9/3""}",Fractions
42,14,1600001020,0,What is 6/8 + 30/8 simplified to its lowest terms?,"{""A"": ""4/4"", ""B"": ""6/4"", ""C"": ""9/11"", ""D"": ""36/8""}",Fractions
42,5,1600001080,1,What is 8/2 + 27/2 simplified to its lowest terms?,"{""A"": ""10/7"", ""B"": ""10/5"", ""C"": ""5/12"", ""D"": ""35/2""}",Fractions
42,21,1600001140,1,What is 3/7 + 23/7 simplified to its lowest terms?,"{""A"": ""7/9"", ""B"": ""1/12"", ""C"": ""6/8"", ""D"": ""26/7""}",Fractions
42,8,1600001200,1,A bag contains 6 red marbles and 7 blue marbles. What is the probability of picking a red marble?,"{""A"": ""8"", ""B"": ""9"", ""C"": ""13"", ""D"": ""10""}",Probability
42,29,1600001260,1,"In a triangle, angle A is 5 degrees and angle B is 7 degrees. What is angle C?","{""A"": ""168"", ""B"": ""169"", ""C"": ""166"", ""D"": ""167""}",Geometry & Angles
42,26,1600001320,0,"In a triangle, angle A is 5 degrees and angle B is 2 degrees. What is angle C?","{""A"": ""175"", ""B"": ""176"", ""C"": ""173"", ""D"": ""170""}",Geometry & Angles
42,24,1600001380,1,What is 5/3 + 23/3 simplified to its lowest terms?,"{""A"": ""1/4"", ""B"": ""8/9"", ""C"": ""28/3"", ""D"": ""4/8""}",Fractions
42,7,1600001440,1,Solve for x: 7x + 4 = 16.,"{""A"": ""2/11"", ""B"": ""5/12"", ""C"": ""12/7"", ""D"": ""3/10""}",Linear Equations
43,31,1600000000,1,"In a triangle, angle A is 4 degrees and angle B is 4 degrees. What is angle C?","{""A"": ""173"", ""B"": ""172"", ""C"": ""171"", ""D"": ""170""}",Geometry & Angles
43,18,1600000060,0,What is 5/3 + 12/3 simplified to its lowest terms?,"{""A"": ""10/10"", ""B"": ""6/2"", ""C"": ""17/3"", ""D"": ""4/11""}",Fractions
43,3,1600000120,0,Asha's office is on level 4. Her car is parked in the basement on level -7. How many floors does Asha need to go down to get from the office to her car?,"{""A"": ""16"", ""B"": ""9"", ""C"": ""11"", ""D"": ""10""}",Negative Numbers
43,5,1600000180,0,What is 8/2 + 27/2 simplified to its lowest terms?,"{""A"": ""10/7"", ""B"": ""10/5"", ""C"": ""5/12"", ""D"": ""35/2""}",Fractions
43,39,1600000240,1,What is the value of 5^3?,"{""A"": ""124"", ""B"": ""130"", ""C"": ""125"", ""D"": ""123""}",Exponents & Powers
43,35,1600000300,1,Asha's office is on level 3. Her car is parked in the basement on level -2. How many floors does Asha need to go down to get from the office to her car?,"{""A"": ""2"", ""B"": ""5"", ""C"": ""7"", ""D"": ""10""}",Negative Numbers
43,38,1600000360,1,"A recipe uses flour and sugar in the ratio 8:8. If you use 17 cups of flour, how many cups of sugar are needed?","{""A"": ""15"", ""B"": ""22"", ""C"": ""16"", ""D"": ""17""}",Ratios
43,12,1600000420,0,Solve for x: 8x + 6 = 12.,"{""A"": ""10/9"", ""B"": ""7/8"", ""C"": ""9/6"", ""D"": ""6/8""}",Linear Equations
43,21,1600000480,1,What is 3/7 + 23/7 simplified to its lowest terms?,"{""A"": ""7/9"", ""B"": ""1/12"", ""C"": ""6/8"", ""D"": ""26/7""}",Fractions
43,1,1600000540,1,What is 2/7 + 18/7 simplified to its lowest terms?,"{""A"": ""4/5"", ""B"": ""3/3"", ""C"": ""20/7"", ""D"": ""9/3""}",Fractions
43,7,1600000600,1,Solve for x: 7x + 4 = 16.,"{""A"": ""2/11"", ""B"": ""5/12"", ""C"": ""12/7"", ""D"": ""3/10""}",Linear Equations
43,19,1600000660,1,Asha's office is on level 5. Her car is parked in the basement on level -2. How many floors does Asha need to go down to get from the office to her car?,"{""A"": ""7"", ""B"": ""4"", ""C"": ""6"", ""D"": ""12""}",Negative Numbers
43,37,1600000720,1,What is 7/8 + 27/8 simplified to its lowest terms?,"{""A"": ""3/4"", ""B"": ""7/11"", ""C"": ""34/8"", ""D"": ""3/5""}",Fractions
43,25,1600000780,1,"In a triangle, angle A is 9 degrees and angle B is 4 degrees. What is angle C?","{""A"": ""172"", ""B"": ""170"", ""C"": ""167"", ""D"": ""169""}",Geometry & Angles
43,23,1600000840,1,"In a triangle, angle A is 9 degrees and angle B is 3 degrees. What is angle C?","{""A"": ""173"", ""B"": ""170"", ""C"": ""169"", ""D"": ""168""}",Geometry & Angles
43,13,1600000900,1,"In a triangle, angle A is 7 degrees and angle B is 2 degrees. What is angle C?","{""A"": ""172"", ""B"": ""171"", ""C"": ""168"", ""D"": ""169""}",Geometry & Angles
43,34,1600000960,1,What is 8/8 + 18/8 simplified to its lowest terms?,"{""A"": ""26/8"", ""B"": ""1/2"", ""C"": ""6/4"", ""D"": ""5/4""}",Fractions
43,10,1600001020,1,A bag contains 9 red marbles and 3 blue marbles. What is the probability of picking a red marble?,"{""A"": ""10"", ""B"": ""12"", ""C"": ""13"", ""D"": ""8""}",Probability
43,6,1600001080,1,"In a triangle, angle A is 3 degrees and angle B is 8 degrees. What is angle C?","{""A"": ""169"", ""B"": ""166"", ""C"": ""174"", ""D"": ""170""}",Geometry & Angles
43,29,1600001140,1,"In a triangle, angle A is 5 degrees and angle B is 7 degrees. What is angle C?","{""A"": ""168"", ""B"": ""169"", ""C"": ""166"", ""D"": ""167""}",Geometry & Angles
43,8,1600001200,1,A bag contains 6 red marbles and 7 blue marbles. What is the probability of picking a red marble?,"{""A"": ""8"", ""B"": ""9"", ""C"": ""13"", ""D"": ""10""}",Probability
43,32,1600001260,1,"In a triangle, angle A is 3 degrees and angle B is 3 degrees. What is angle C?","{""A"": ""174"", ""B"": ""176"", ""C"": ""171"", ""D"": ""177""}",Geometry & Angles
43,27,1600001320,1,What is the value of 4^2?,"{""A"": ""14"", ""B"": ""13"", ""C"": ""21"", ""D"": ""16""}",Exponents & Powers
44,23,1600000000,0,"In a triangle, angle A is 9 degrees and angle B is 3 degrees. What is angle C?","{""A"": ""173"", ""B"": ""170"", ""C"": ""169"", ""D"": ""168""}",Geometry & Angles
44,36,1600000060,0,A bag contains 4 red marbles and 2 blue marbles. What is the probability of picking a red marble?,"{""A"": ""15"", ""B"": ""9"", ""C"": ""10"", ""D"": ""7""}",Probability
44,6,1600000120,0,"In a triangle, angle A is 3 degrees and angle B is 8 degrees. What is angle C?","{""A"": ""169"", ""B"": ""166"", ""C"": ""174"", ""D"": ""170""}",Geometry & Angles
44,21,1600000180,0,What is 3/7 + 23/7 simplified to its lowest terms?,"{""A"": ""7/9"", ""B"": ""1/12"", ""C"": ""6/8"", ""D"": ""26/7""}",Fractions
44,25,1600000240,1,"In a triangle, angle A is 9 degrees and angle B is 4 degrees. What is angle C?","{""A"": ""172"", ""B"": ""170"", ""C"": ""167"", ""D"": ""169""}",Geometry & Angles
44,1,1600000300,1,What is 2/7 + 18/7 simplified to its lowest terms?,"{""A"": ""4/5"", ""B"": ""3/3"", ""C"": ""20/7"", ""D"": ""9/3""}",Fractions
44,19,1600000360,1,Asha's office is on level 5. Her car is parked in the basement on level -2. How many floors does Asha need to go down to get from the office to her car?,"{""A"": ""7"", ""B"": ""4"", ""C"": ""6"", ""D"": ""12""}",Negative Numbers
45,17,1600000000,1,What is 5% of 7?,"{""A"": ""0"", ""B"": ""1"", ""C"": ""3"", ""D"": ""-1""}",Percentages
45,16,1600000060,0,What is 9/8 + 12/8 simplified to its lowest terms?,"{""A"": ""21/8"", ""B"": ""3/12"", ""C"": ""9/4"", ""D"": ""8/10""}",Fractions
45,32,1600000120,1,"In a triangle, angle A is 3 degrees and angle B is 3 degrees. What is angle C?","{""A"": ""174"", ""B"": ""176"", ""C"": ""171"", ""D"": ""177""}",Geometry & Angles
45,13,1600000180,0,"In a triangle, angle A is 7 degrees and angle B is 2 degrees. What is angle C?","{""A"": ""172"", ""B"": ""171"", ""C"": ""168"", ""D"": ""169""}",Geometry & Angles
45,30,1600000240,1,What is the value of 7^8?,"{""A"": ""5764802"", ""B"": ""5764803"", ""C"": ""5764798"", ""D"": ""5764801""}",Exponents & Powers
45,7,1600000300,1,Solve for x: 7x + 4 = 16.,"{""A"": ""2/11"", ""B"": ""5/12"", ""C"": ""12/7"", ""D"": ""3/10""}",Linear Equations
45,9,1600000360,1,"A recipe uses flour and sugar in the ratio 8:4. If you use 12 cups of flour, how many cups of sugar are needed?","{""A"": ""4"", ""B"": ""8"", ""C"": ""6"", ""D"": ""9""}",Ratios
45,20,1600000420,0,What is 4% of 7?,"{""A"": ""2"", ""B"": ""0"", ""C"": ""-2"", ""D"": ""1""}",Percentages
45,1,1600000480,1,What is 2/7 + 18/7 simplified to its lowest terms?,"{""A"": ""4/5"", ""B"": ""3/3"", ""C"": ""20/7"", ""D"": ""9/3""}",Fractions
45,31,1600000540,1,"In a triangle, angle A is 4 degrees and angle B is 4 degrees. What is angle C?","{""A"": ""173"", ""B"": ""172"", ""C"": ""171"", ""D"": ""170""}",Geometry & Angles
45,37,1600000600,1,What is 7/8 + 27/8 simplified to its lowest terms?,"{""A"": ""3/4"", ""B"": ""7/11"", ""C"": ""34/8"", ""D"": ""3/5""}",Fractions
45,11,1600000660,1,A bag contains 7 red marbles and 3 blue marbles. What is the probability of picking a red marble?,"{""A"": ""12"", ""B"": ""7"", ""C"": ""11"", ""D"": ""10""}",Probability
45,27,1600000720,1,What is the value of 4^2?,"{""A"": ""14"", ""B"": ""13"", ""C"": ""21"", ""D"": ""16""}",Exponents & Powers
45,33,1600000780,1,What is 7% of 3?,"{""A"": ""-1"", ""B"": ""0"", ""C"": ""2"", ""D"": ""5""}",Percentages
45,36,1600000840,1,A bag contains 4 red marbles and 2 blue marbles. What is the probability of picking a red marble?,"{""A"": ""15"", ""B"": ""9"", ""C"": ""10"", ""D"": ""7""}",Probability
45,29,1600000900,1,"In a triangle, angle A is 5 degrees and angle B is 7 degrees. What is angle C?","{""A"": ""168"", ""B"": ""169"", ""C"": ""166"", ""D"": ""167""}",Geometry & Angles
46,32,1600000000,0,"In a triangle, angle A is 3 degrees and angle B is 3 degrees. What is angle C?","{""A"": ""174"", ""B"": ""176"", ""C"": ""171"", ""D"": ""177""}",Geometry & Angles
46,9,1600000060,0,"A recipe uses flour and sugar in the ratio 8:4. If you use 12 cups of flour, how many cups of sugar are needed?","{""A"": ""4"", ""B"": ""8"", ""C"": ""6"", ""D"": ""9""}",Ratios
46,20,1600000120,1,What is 4% of 7?,"{""A"": ""2"", ""B"": ""0"", ""C"": ""-2"", ""D"": ""1""}",Percentages
46,16,1600000180,0,What is 9/8 + 12/8 simplified to its lowest terms?,"{""A"": ""21/8"", ""B"": ""3/12"", ""C"": ""9/4"", ""D"": ""8/10""}",Fractions
46,17,1600000240,1,What is 5% of 7?,"{""A"": ""0"", ""B"": ""1"", ""C"": ""3"", ""D"": ""-1""}",Percentages
46,10,1600000300,1,A bag contains 9 red marbles and 3 blue marbles. What is the probability of picking a red marble?,"{""A"": ""10"", ""B"": ""12"", ""C"": ""13"", ""D"": ""8""}",Probability
46,28,1600000360,0,What is 8% of 2?,"{""A"": ""-3"", ""B"": ""2"", ""C"": ""-2"", ""D"": ""0""}",Percentages
46,25,1600000420,0,"In a triangle, angle A is 9 degrees and angle B is 4 degrees. What is angle C?","{""A"": ""172"", ""B"": ""170"", ""C"": ""167"", ""D"": ""169""}",Geometry & Angles
46,5,1600000480,0,What is 8/2 + 27/2 simplified to its lowest terms?,"{""A"": ""10/7"", ""B"": ""10/5"", ""C"": ""5/12"", ""D"": ""35/2""}",Fractions
46,15,1600000540,1,What is the value of 2^2?,"{""A"": ""2"", ""B"": ""3"", ""C"": ""9"", ""D"": ""4""}",Exponents & Powers
46,38,1600000600,1,"A recipe uses flour and sugar in the ratio 8:8. If you use 17 cups of flour, how many cups of sugar are needed?","{""A"": ""15"", ""B"": ""22"", ""C"": ""16"", ""D"": ""17""}",Ratios
46,37,1600000660,0,What is 7/8 + 27/8 simplified to its lowest terms?,"{""A"": ""3/4"", ""B"": ""7/11"", ""C"": ""34/8"", ""D"": ""3/5""}",Fractions
46,19,1600000720,1,Asha's office is on level 5. Her car is parked in the basement on level -2. How many floors does Asha need to go down to get from the office to her car?,"{""A"": ""7"", ""B"": ""4"", ""C"": ""6"", ""D"": ""12""}",Negative Numbers
46,13,1600000780,0,"In a triangle, angle A is 7 degrees and angle B is 2 degrees. What is angle C?","{""A"": ""172"", ""B"": ""171"", ""C"": ""168"", ""D"": ""169""}",Geometry & Angles
46,18,1600000840,1,What is 5/3 + 12/3 simplified to its lowest terms?,"{""A"": ""10/10"", ""B"": ""6/2"", ""C"": ""17/3"", ""D"": ""4/11""}",Fractions
46,36,1600000900,1,A bag contains 4 red marbles and 2 blue marbles. What is the probability of picking a red marble?,"{""A"": ""15"", ""B"": ""9"", ""C"": ""10"", ""D"": ""7""}",Probability
46,23,1600000960,1,"In a triangle, angle A is 9 degrees and angle B is 3 degrees. What is angle C?","{""A"": ""173"", ""B"": ""170"", ""C"": ""169"", ""D"": ""168""}",Geometry & Angles
46,14,1600001020,0,What is 6/8 + 30/8 simplified to its lowest terms?,"{""A"": ""4/4"", ""B"": ""6/4"", ""C"": ""9/11"", ""D"": ""36/8""}",Fractions
47,22,1600000000,0,"A recipe uses flour and sugar in the ratio 3:3. If you use 16 cups of flour, how many cups of sugar are needed?","{""A"": ""17"", ""B"": ""16"", ""C"": ""14"", ""D"": ""18""}",Ratios
47,30,1600000060,0,What is the value of 7^8?,"{""A"": ""5764802"", ""B"": ""5764803"", ""C"": ""5764798"", ""D"": ""5764801""}",Exponents & Powers
47,14,1600000120,0,What is 6/8 + 30/8 simplified to its lowest terms?,"{""A"": ""4/4"", ""B"": ""6/4"", ""C"": ""9/11"", ""D"": ""36/8""}",Fractions
47,34,1600000180,0,What is 8/8 + 18/8 simplified to its lowest terms?,"{""A"": ""26/8"", ""B"": ""1/2"", ""C"": ""6/4"", ""D"": ""5/4""}",Fractions
47,31,1600000240,0,"In a triangle, angle A is 4 degrees and angle B is 4 degrees. What is angle C?","{""A"": ""173"", ""B"": ""172"", ""C"": ""171"", ""D"": ""170""}",Geometry & Angles
47,23,1600000300,0,"In a triangle, angle A is 9 degrees and angle B is 3 degrees. What is angle C?","{""A"": ""173"", ""B"": ""170"", ""C"": ""169"", ""D"": ""168""}",Geometry & Angles
47,36,1600000360,0,A bag contains 4 red marbles and 2 blue marbles. What is the probability of picking a red marble?,"{""A"": ""15"", ""B"": ""9"", ""C"": ""10"", ""D"": ""7""}",Probability
47,7,1600000420,1,Solve for x: 7x + 4 = 16.,"{""A"": ""2/11"", ""B"": ""5/12"", ""C"": ""12/7"", ""D"": ""3/10""}",Linear Equations
47,29,1600000480,0,"In a triangle, angle A is 5 degrees and angle B is 7 degrees. What is angle C?","{""A"": ""168"", ""B"": ""169"", ""C"": ""166"", ""D"": ""167""}",Geometry & Angles
47,24,1600000540,0,What is 5/3 + 23/3 simplified to its lowest terms?,"{""A"": ""1/4"", ""B"": ""8/9"", ""C"": ""28/3"", ""D"": ""4/8""}",Fractions
47,35,1600000600,1,Asha's office is on level 3. Her car is parked in the basement on level -2. How many floors does Asha need to go down to get from the office to her car?,"{""A"": ""2"", ""B"": ""5"", ""C"": ""7"", ""D"": ""10""}",Negative Numbers
47,15,1600000660,0,What is the value of 2^2?,"{""A"": ""2"", ""B"": ""3"", ""C"": ""9"", ""D"": ""4""}",Exponents & Powers
47,11,1600000720,1,A bag contains 7 red marbles and 3 blue marbles. What is the probability of picking a red marble?,"{""A"": ""12"", ""B"": ""7"", ""C"": ""11"", ""D"": ""10""}",Probability
47,3,1600000780,1,Asha's office is on level 4. Her car is parked in the basement on level -7. How many floors does Asha need to go down to get from the office to her car?,"{""A"": ""16"", ""B"": ""9"", ""C"": ""11"", ""D"": ""10""}",Negative Numbers
48,12,1600000000,0,Solve for x: 8x + 6 = 12.,"{""A"": ""10/9"", ""B"": ""7/8"", ""C"": ""9/6"", ""D"": ""6/8""}",Linear Equations
48,24,1600000060,1,What is 5/3 + 23/3 simplified to its lowest terms?,"{""A"": ""1/4"", ""B"": ""8/9"", ""C"": ""28/3"", ""D"": ""4/8""}",Fractions
48,21,1600000120,1,What is 3/7 + 23/7 simplified to its lowest terms?,"{""A"": ""7/9"", ""B"": ""1/12"", ""C"": ""6/8"", ""D"": ""26/7""}",Fractions
48,13,1600000180,0,"In a triangle, angle A is 7 degrees and angle B is 2 degrees. What is angle C?","{""A"": ""172"", ""B"": ""171"", ""C"": ""168"", ""D"": ""169""}",Geometry & Angles
48,30,1600000240,0,What is the value of 7^8?,"{""A"": ""5764802"", ""B"": ""5764803"", ""C"": ""5764798"", ""D"": ""5764801""}",Exponents & Powers
48,8,1600000300,0,A bag contains 6 red marbles and 7 blue marbles. What is the probability of picking a red marble?,"{""A"": ""8"", ""B"": ""9"", ""C"": ""13"", ""D"": ""10""}",Probability
48,17,1600000360,0,What is 5% of 7?,"{""A"": ""0"", ""B"": ""1"", ""C"": ""3"", ""D"": ""-1""}",Percentages
48,32,1600000420,0,"In a triangle, angle A is 3 degrees and angle B is 3 degrees. What is angle C?","{""A"": ""174"", ""B"": ""176"", ""C"": ""171"", ""D"": ""177""}",Geometry & Angles
48,38,1600000480,0,"A recipe uses flour and sugar in the ratio 8:8. If you use 17 cups of flour, how many cups of sugar are needed?","{""A"": ""15"", ""B"": ""22"", ""C"": ""16"", ""D"": ""17""}",Ratios
48,20,1600000540,0,What is 4% of 7?,"{""A"": ""2"", ""B"": ""0"", ""C"": ""-2"", ""D"": ""1""}",Percentages
48,37,1600000600,1,What is 7/8 + 27/8 simplified to its lowest terms?,"{""A"": ""3/4"", ""B"": ""7/11"", ""C"": ""34/8"", ""D"": ""3/5""}",Fractions
48,31,1600000660,1,"In a triangle, angle A is 4 degrees and angle B is 4 degrees. What is angle C?","{""A"": ""173"", ""B"": ""172"", ""C"": ""171"", ""D"": ""170""}",Geometry & Angles
48,36,1600000720,0,A bag contains 4 red marbles and 2 blue marbles. What is the probability of picking a red marble?,"{""A"": ""15"", ""B"": ""9"", ""C"": ""10"", ""D"": ""7""}",Probability
48,19,1600000780,0,Asha's office is on level 5. Her car is parked in the basement on level -2. How many floors does Asha need to go down to get from the office to her car?,"{""A"": ""7"", ""B"": ""4"", ""C"": ""6"", ""D"": ""12""}",Negative Numbers
48,4,1600000840,0,A bag contains 3 red marbles and 4 blue marbles. What is the probability of picking a red marble?,"{""A"": ""9"", ""B"": ""12"", ""C"": ""15"", ""D"": ""10""}",Probability
48,40,1600000900,0,A bag contains 7 red marbles and 4 blue marbles. What is the probability of picking a red marble?,"{""A"": ""10"", ""B"": ""15"", ""C"": ""13"", ""D"": ""9""}",Probability
48,25,1600000960,1,"In a triangle, angle A is 9 degrees and angle B is 4 degrees. What is angle C?","{""A"": ""172"", ""B"": ""170"", ""C"": ""167"", ""D"": ""169""}",Geometry & Angles
48,15,1600001020,1,What is the value of 2^2?,"{""A"": ""2"", ""B"": ""3"", ""C"": ""9"", ""D"": ""4""}",Exponents & Powers
48,29,1600001080,1,"In a triangle, angle A is 5 degrees and angle B is 7 degrees. What is angle C?","{""A"": ""168"", ""B"": ""169"", ""C"": ""166"", ""D"": ""167""}",Geometry & Angles
48,6,1600001140,0,"In a triangle, angle A is 3 degrees and angle B is 8 degrees. What is angle C?","{""A"": ""169"", ""B"": ""166"", ""C"": ""174"", ""D"": ""170""}",Geometry & Angles
48,10,1600001200,0,A bag contains 9 red marbles and 3 blue marbles. What is the probability of picking a red marble?,"{""A"": ""10"", ""B"": ""12"", ""C"": ""13"", ""D"": ""8""}",Probability
48,27,1600001260,1,What is the value of 4^2?,"{""A"": ""14"", ""B"": ""13"", ""C"": ""21"", ""D"": ""16""}",Exponents & Powers
49,24,1600000000,0,What is 5/3 + 23/3 simplified to its lowest terms?,"{""A"": ""1/4"", ""B"": ""8/9"", ""C"": ""28/3"", ""D"": ""4/8""}",Fractions
49,35,1600000060,0,Asha's office is on level 3. Her car is parked in the basement on level -2. How many floors does Asha need to go down to get from the office to her car?,"{""A"": ""2"", ""B"": ""5"", ""C"": ""7"", ""D"": ""10""}",Negative Numbers
49,3,1600000120,0,Asha's office is on level 4. Her car is parked in the basement on level -7. How many floors does Asha need to go down to get from the office to her car?,"{""A"": ""16"", ""B"": ""9"", ""C"": ""11"", ""D"": ""10""}",Negative Numbers
49,29,1600000180,0,"In a triangle, angle A is 5 degrees and angle B is 7 degrees. What is angle C?","{""A"": ""168"", ""B"": ""169"", ""C"": ""166"", ""D"": ""167""}",Geometry & Angles
49,39,1600000240,0,What is the value of 5^3?,"{""A"": ""124"", ""B"": ""130"", ""C"": ""125"", ""D"": ""123""}",Exponents & Powers
49,14,1600000300,0,What is 6/8 + 30/8 simplified to its lowest terms?,"{""A"": ""4/4"", ""B"": ""6/4"", ""C"": ""9/11"", ""D"": ""36/8""}",Fractions
49,28,1600000360,0,What is 8% of 2?,"{""A"": ""-3"", ""B"": ""2"", ""C"": ""-2"", ""D"": ""0""}",Percentages
49,7,1600000420,0,Solve for x: 7x + 4 = 16.,"{""A"": ""2/11"", ""B"": ""5/12"", ""C"": ""12/7"", ""D"": ""3/10""}",Linear Equations
49,16,1600000480,0,What is 9/8 + 12/8 simplified to its lowest terms?,"{""A"": ""21/8"", ""B"": ""3/12"", ""C"": ""9/4"", ""D"": ""8/10""}",Fractions
49,10,1600000540,0,A bag contains 9 red marbles and 3 blue marbles. What is the probability of picking a red marble?,"{""A"": ""10"", ""B"": ""12"", ""C"": ""13"", ""D"": ""8""}",Probability
49,34,1600000600,0,What is 8/8 + 18/8 simplified to its lowest terms?,"{""A"": ""26/8"", ""B"": ""1/2"", ""C"": ""6/4"", ""D"": ""5/4""}",Fractions
49,2,1600000660,0,What is 5/3 + 26/3 simplified to its lowest terms?,"{""A"": ""31/3"", ""B"": ""9/5"", ""C"": ""9/8"", ""D"": ""10/2""}",Fractions
49,15,1600000720,0,What is the value of 2^2?,"{""A"": ""2"", ""B"": ""3"", ""C"": ""9"", ""D"": ""4""}",Exponents & Powers
49,9,1600000780,1,"A recipe uses flour and sugar in the ratio 8:4. If you use 12 cups of flour, how many cups of sugar are needed?","{""A"": ""4"", ""B"": ""8"", ""C"": ""6"", ""D"": ""9""}",Ratios
49,12,1600000840,1,Solve for x: 8x + 6 = 12.,"{""A"": ""10/9"", ""B"": ""7/8"", ""C"": ""9/6"", ""D"": ""6/8""}",Linear Equations
49,38,1600000900,1,"A recipe uses flour and sugar in the ratio 8:8. If you use 17 cups of flour, how many cups of sugar are needed?","{""A"": ""15"", ""B"": ""22"", ""C"": ""16"", ""D"": ""17""}",Ratios
49,30,1600000960,0,What is the value of 7^8?,"{""A"": ""5764802"", ""B"": ""5764803"", ""C"": ""5764798"", ""D"": ""5764801""}",Exponents & Powers
49,4,1600001020,1,A bag contains 3 red marbles and 4 blue marbles. What is the probability of picking a red marble?,"{""A"": ""9"", ""B"": ""12"", ""C"": ""15"", ""D"": ""10""}",Probability
49,8,1600001080,0,A bag contains 6 red marbles and 7 blue marbles. What is the probability of picking a red marble?,"{""A"": ""8"", ""B"": ""9"", ""C"": ""13"", ""D"": ""10""}",Probability
49,33,1600001140,0,What is 7% of 3?,"{""A"": ""-1"", ""B"": ""0"", ""C"": ""2"", ""D"": ""5""}",Percentages
49,19,1600001200,0,Asha's office is on level 5. Her car is parked in the basement on level -2. How many floors does Asha need to go down to get from the office to her car?,"{""A"": ""7"", ""B"": ""4"", ""C"": ""6"", ""D"": ""12""}",Negative Numbers
49,26,1600001260,0,"In a triangle, angle A is 5 degrees and angle B is 2 degrees. What is angle C?","{""A"": ""175"", ""B"": ""176"", ""C"": ""173"", ""D"": ""170""}",Geometry & Angles
50,30,1600000000,0,What is the value of 7^8?,"{""A"": ""5764802"", ""B"": ""5764803"", ""C"": ""5764798"", ""D"": ""5764801""}",Exponents & Powers
50,23,1600000060,1,"In a triangle, angle A is 9 degrees and angle B is 3 degrees. What is angle C?","{""A"": ""173"", ""B"": ""170"", ""C"": ""169"", ""D"": ""168""}",Geometry & Angles
50,5,1600000120,1,What is 8/2 + 27/2 simplified to its lowest terms?,"{""A"": ""10/7"", ""B"": ""10/5"", ""C"": ""5/12"", ""D"": ""35/2""}",Fractions
50,35,1600000180,0,Asha's office is on level 3. Her car is parked in the basement on level -2. How many floors does Asha need to go down to get from the office to her car?,"{""A"": ""2"", ""B"": ""5"", ""C"": ""7"", ""D"": ""10""}",Negative Numbers
50,26,1600000240,0,"In a triangle, angle A is 5 degrees and angle B is 2 degrees. What is angle C?","{""A"": ""175"", ""B"": ""176"", ""C"": ""173"", ""D"": ""170""}",Geometry & Angles
50,14,1600000300,0,What is 6/8 + 30/8 simplified to its lowest terms?,"{""A"": ""4/4"", ""B"": ""6/4"", ""C"": ""9/11"", ""D"": ""36/8""}",Fractions
50,28,1600000360,0,What is 8% of 2?,"{""A"": ""-3"", ""B"": ""2"", ""C"": ""-2"", ""D"": ""0""}",Percentages
